{
    "probaAware": true, 
    "modelInputNRows": 2667, 
    "modelInputNCols": 79, 
    "modelInputMemory": 1685544, 
    "lmCoefficients": {
        "interceptStderr": null, 
        "interceptTstat": null, 
        "rescaledInterceptCoef": 51.693236222927325, 
        "rescaledCoefs": [
            0.0005955290618477171, 
            -0.0001476950370866123, 
            0.6056855002245762, 
            0.0006188274183912733, 
            0.0027591345010711025, 
            0.0032591238924153244, 
            -0.004791615545925493, 
            0.03906779777836018, 
            0.006037186455638034, 
            1.277034477195982, 
            -0.1779964207814108, 
            -0.03502366197981889, 
            -1.3875775026431758, 
            -0.06574302104137202, 
            -1.392016154592881, 
            -0.01865994110305208, 
            -0.2657056924296766
        ], 
        "variables": [
            "Account Length", 
            "Area Code", 
            "CustServ Calls", 
            "Day Calls", 
            "Eve Calls", 
            "Int'l Plan", 
            "Intl Calls", 
            "Intl_Charge", 
            "Total_Charge", 
            "Total_min", 
            "VMail Plan", 
            "ratio_total_min", 
            "dummy:cluster_labels:cluster_1", 
            "dummy:cluster_labels:cluster_3", 
            "dummy:cluster_labels:cluster_5", 
            "dummy:cluster_labels:cluster_2", 
            "dummy:cluster_labels:cluster_4"
        ], 
        "interceptCoef": 1.1480640011448298, 
        "interceptPvalue": null, 
        "coefs": [
            0.02374605399457294, 
            -0.006255777489440147, 
            0.8032415391654544, 
            0.012326838594222084, 
            0.02543379034940906, 
            0.1767225034331665, 
            -0.09549021064272764, 
            0.1681521747659738, 
            0.30570264816793924, 
            0.37886611200606357, 
            -0.4343171060284234, 
            -0.026589618666156913, 
            -3.9017412045722866, 
            -1.281035598567736, 
            -3.1921825331137006, 
            -0.9509184189324766, 
            -2.7912966494960862
        ]
    }, 
    "modelInputIsSparse": false
}