{
  "state": "DONE",
  "preSearchDescription": {
    "gridLength": 1,
    "importantParams": [
      {
        "name": "penalty",
        "vals": [
          "l1"
        ]
      },
      {
        "name": "C",
        "vals": [
          "0.1"
        ]
      }
    ]
  },
  "postSearchDescription": {
    "importantParams": [
      {
        "name": "C",
        "val": "0.1"
      },
      {
        "name": "penalty",
        "val": "l1"
      }
    ]
  },
  "timeOrderingEnabled": false,
  "sampleWeightsEnabled": false,
  "modelId": "m1",
  "progress": {
    "top_level_todo": [],
    "stack": [],
    "top_level_done": [
      {
        "name": "Loading train set",
        "time": 18
      },
      {
        "name": "Loading test set",
        "time": 7
      },
      {
        "name": "Collecting statistics",
        "time": 23
      },
      {
        "name": "Preprocessing train set",
        "time": 40
      },
      {
        "name": "Preprocessing test set",
        "time": 36
      },
      {
        "name": "Fitting model",
        "time": 27
      },
      {
        "name": "Saving model",
        "time": 2
      },
      {
        "name": "Scoring model",
        "time": 422
      }
    ]
  },
  "startTime": 1592643738843,
  "endTime": 1592643739808,
  "preprocessingTime": 126,
  "trainingTime": 839
}