{"clusters": [{"facts": [{"std": 1.4356629847406732, "global_mean": 9.039324932493264, "feature_label": "Night_Charge", "global_std": 2.2758728376600317, "cluster_label": "cluster_0", "diff": -0.8674114532715643, "type": "numerical", "mean": 7.065206766917297}, {"std": 31.902659633768536, "global_mean": 200.87203720372048, "feature_label": "Night_Mins", "global_std": 50.5738470136583, "cluster_label": "cluster_0", "diff": -0.8673843222546175, "type": "numerical", "mean": 157.00507518796977}, {"std": 0.07495237290996308, "global_mean": 0.27662766276627665, "feature_label": "VMail Plan", "global_std": 0.4473978703800777, "cluster_label": "cluster_0", "diff": -0.6056992734268113, "type": "numerical", "mean": 0.005639097744360902}], "cluster": "cluster_0", "size": 532}, {"facts": [{"std": 0.0, "global_mean": 0.27662766276627665, "feature_label": "VMail Plan", "global_std": 0.4473978703800777, "cluster_label": "cluster_1", "diff": 1.616843496861523, "type": "numerical", "mean": 1.0}, {"std": 7.714952339589089, "global_mean": 8.099009900990099, "feature_label": "VMail Message", "global_std": 13.68836537203884, "cluster_label": "cluster_1", "diff": 1.5389231203523999, "type": "numerical", "mean": 29.16435185185185}, {"std": 6.648442205048259, "global_mean": 59.44975397539747, "feature_label": "Total_Charge", "global_std": 10.50226075242101, "cluster_label": "cluster_1", "diff": -0.754900010585587, "type": "numerical", "mean": 51.521597222222255}], "cluster": "cluster_1", "size": 432}, {"facts": [{"std": 0.0, "global_mean": 0.0969096909690969, "feature_label": "Int'l Plan", "global_std": 0.2958791454844224, "cluster_label": "cluster_2", "diff": 3.052226974470728, "type": "numerical", "mean": 1.0}, {"std": 0.49161366100220466, "global_mean": 0.14491449144914492, "feature_label": "Churn?", "global_std": 0.35206742362412946, "cluster_label": "cluster_2", "diff": 0.7354604403088622, "type": "numerical", "mean": 0.40384615384615385}, {"std": 2.6487480721779386, "global_mean": 10.237293729372933, "feature_label": "Intl_Mins", "global_std": 2.7918395484084204, "cluster_label": "cluster_2", "diff": 0.19135939687869705, "type": "numerical", "mean": 10.771538461538462}], "cluster": "cluster_2", "size": 260}, {"facts": [{"std": 5.899451510569116, "global_mean": 59.44975397539747, "feature_label": "Total_Charge", "global_std": 10.50226075242101, "cluster_label": "cluster_3", "diff": -1.280783455089415, "type": "numerical", "mean": 45.99863216266173}, {"std": 53.31244093959208, "global_mean": 591.8647764776483, "feature_label": "Total_min", "global_std": 89.95425115217, "cluster_label": "cluster_3", "diff": -1.2299873981992862, "type": "numerical", "mean": 481.2221811460256}, {"std": 6.794860330907973, "global_mean": 30.562307230723093, "feature_label": "Day_Charge", "global_std": 9.259434553930507, "cluster_label": "cluster_3", "diff": -1.0352967897334309, "type": "numerical", "mean": 20.976044362292036}], "cluster": "cluster_3", "size": 541}, {"facts": [{"std": 0.0, "global_mean": 0.14491449144914492, "feature_label": "Churn?", "global_std": 0.35206742362412946, "cluster_label": "cluster_4", "diff": 2.4287549803635127, "type": "numerical", "mean": 1.0}, {"std": 5.117122648639055, "global_mean": 59.44975397539747, "feature_label": "Total_Charge", "global_std": 10.50226075242101, "cluster_label": "cluster_4", "diff": 1.7754626922998686, "type": "numerical", "mean": 78.09612612612612}, {"std": 5.879901701369966, "global_mean": 30.562307230723093, "feature_label": "Day_Charge", "global_std": 9.259434553930507, "cluster_label": "cluster_4", "diff": 1.586454838651386, "type": "numerical", "mean": 45.251981981981984}], "cluster": "cluster_4", "size": 222}, {"facts": [{"std": 2.1220392849527094, "global_mean": 10.237293729372933, "feature_label": "Intl_Mins", "global_std": 2.7918395484084204, "cluster_label": "cluster_5", "diff": -1.253129948139801, "type": "numerical", "mean": 6.738755980861243}, {"std": 0.5730307620386001, "global_mean": 2.764581458145804, "feature_label": "Intl_Charge", "global_std": 0.7537726126630453, "cluster_label": "cluster_5", "diff": -1.2529797780582432, "type": "numerical", "mean": 1.8201196172248795}, {"std": 0.16026451692619395, "global_mean": 0.27662766276627665, "feature_label": "VMail Plan", "global_std": 0.4473978703800777, "cluster_label": "cluster_5", "diff": -0.5594838282979422, "type": "numerical", "mean": 0.02631578947368421}], "cluster": "cluster_5", "size": 418}, {"facts": [{"std": 1.5296803245215242, "global_mean": 9.039324932493264, "feature_label": "Night_Charge", "global_std": 2.2758728376600317, "cluster_label": "cluster_6", "diff": 0.9260844709604059, "type": "numerical", "mean": 11.146975425330812}, {"std": 33.996229434181906, "global_mean": 200.87203720372048, "feature_label": "Night_Mins", "global_std": 50.5738470136583, "cluster_label": "cluster_6", "diff": 0.9260220929136558, "type": "numerical", "mean": 247.70453686200338}, {"std": 1.959406835627889, "global_mean": 10.237293729372933, "feature_label": "Intl_Mins", "global_std": 2.7918395484084204, "cluster_label": "cluster_6", "diff": 0.6305655497389782, "type": "numerical", "mean": 11.997731568998109}], "cluster": "cluster_6", "size": 529}, {"facts": [{"std": 0.0, "global_mean": 0.27662766276627665, "feature_label": "VMail Plan", "global_std": 0.4473978703800777, "cluster_label": "cluster_7", "diff": 1.616843496861523, "type": "numerical", "mean": 1.0}, {"std": 7.226025926262581, "global_mean": 8.099009900990099, "feature_label": "VMail Message", "global_std": 13.68836537203884, "cluster_label": "cluster_7", "diff": 1.5877038425570664, "type": "numerical", "mean": 29.832080200501252}, {"std": 56.22484376487571, "global_mean": 591.8647764776483, "feature_label": "Total_min", "global_std": 89.95425115217, "cluster_label": "cluster_7", "diff": 0.8623028259639398, "type": "numerical", "mean": 669.4325814536345}], "cluster": "cluster_7", "size": 399}], "global": {"facts": [{"std": 0.0, "global_mean": 0.0969096909690969, "feature_label": "Int'l Plan", "global_std": 0.2958791454844224, "cluster_label": "cluster_2", "diff": 3.052226974470728, "type": "numerical", "mean": 1.0}, {"std": 0.0, "global_mean": 0.14491449144914492, "feature_label": "Churn?", "global_std": 0.35206742362412946, "cluster_label": "cluster_4", "diff": 2.4287549803635127, "type": "numerical", "mean": 1.0}, {"std": 5.117122648639055, "global_mean": 59.44975397539747, "feature_label": "Total_Charge", "global_std": 10.50226075242101, "cluster_label": "cluster_4", "diff": 1.7754626922998686, "type": "numerical", "mean": 78.09612612612612}, {"std": 0.0, "global_mean": 0.27662766276627665, "feature_label": "VMail Plan", "global_std": 0.4473978703800777, "cluster_label": "cluster_1", "diff": 1.616843496861523, "type": "numerical", "mean": 1.0}, {"std": 0.0, "global_mean": 0.27662766276627665, "feature_label": "VMail Plan", "global_std": 0.4473978703800777, "cluster_label": "cluster_7", "diff": 1.616843496861523, "type": "numerical", "mean": 1.0}, {"std": 7.226025926262581, "global_mean": 8.099009900990099, "feature_label": "VMail Message", "global_std": 13.68836537203884, "cluster_label": "cluster_7", "diff": 1.5877038425570664, "type": "numerical", "mean": 29.832080200501252}, {"std": 5.879901701369966, "global_mean": 30.562307230723093, "feature_label": "Day_Charge", "global_std": 9.259434553930507, "cluster_label": "cluster_4", "diff": 1.586454838651386, "type": "numerical", "mean": 45.251981981981984}, {"std": 34.58560112511094, "global_mean": 179.77509750975116, "feature_label": "Day_Mins", "global_std": 54.46738920237142, "cluster_label": "cluster_4", "diff": 1.5864545536473373, "type": "numerical", "mean": 266.1851351351351}, {"std": 51.27416032207575, "global_mean": 591.8647764776483, "feature_label": "Total_min", "global_std": 89.95425115217, "cluster_label": "cluster_4", "diff": 1.5670387813075297, "type": "numerical", "mean": 732.8265765765763}, {"std": 7.714952339589089, "global_mean": 8.099009900990099, "feature_label": "VMail Message", "global_std": 13.68836537203884, "cluster_label": "cluster_1", "diff": 1.5389231203523999, "type": "numerical", "mean": 29.16435185185185}], "size": 3333}}