{
    "trainingTime": 1631, 
    "state": "DONE", 
    "startTime": 1592574050596, 
    "preprocessingTime": 494, 
    "progress": {
        "top_level_todo": [], 
        "stack": [], 
        "top_level_done": [
            {
                "name": "Loading source dataset", 
                "time": 17
            }, 
            {
                "name": "Collecting statistics", 
                "time": 22
            }, 
            {
                "name": "Preprocessing data", 
                "time": 454
            }, 
            {
                "name": "Fitting model", 
                "time": 988
            }, 
            {
                "name": "Saving model", 
                "time": 1
            }, 
            {
                "name": "Scoring model", 
                "time": 927
            }, 
            {
                "name": "Fitting model", 
                "time": 398
            }, 
            {
                "name": "Saving model", 
                "time": 1
            }, 
            {
                "name": "Scoring model", 
                "time": 969
            }, 
            {
                "name": "Fitting model", 
                "time": 408
            }, 
            {
                "name": "Saving model", 
                "time": 1
            }, 
            {
                "name": "Scoring model", 
                "time": 1027
            }, 
            {
                "name": "Fitting model", 
                "time": 591
            }, 
            {
                "name": "Saving model", 
                "time": 1
            }, 
            {
                "name": "Scoring model", 
                "time": 1038
            }
        ]
    }, 
    "endTime": 1592574057441, 
    "modelId": "m4"
}