{
    "liftVizData": {
        "wizard": {
            "positives": 87, 
            "total": 666
        }, 
        "bins": [
            {
                "cum_lift": 0.8735632184, 
                "bin_pos_prop": 0.4342857143, 
                "bin_min": 0.0693540999, 
                "percentile_idx": 0, 
                "cum_size": 0.2627627628, 
                "bin_lift": 3.3245320197, 
                "bin_max": 1.0
            }, 
            {
                "cum_lift": 1.0, 
                "bin_pos_prop": 0.0224032587, 
                "bin_min": 0.0, 
                "percentile_idx": 1, 
                "cum_size": 1.0, 
                "bin_lift": 0.1715008076, 
                "bin_max": 0.0693540999
            }
        ]
    }, 
    "usedThreshold": 0.5750000000000001, 
    "probaPercentiles": [
        0.0, 
        0.0, 
        0.0, 
        0.0, 
        0.0, 
        0.0693540998625724, 
        0.0693540998625724, 
        0.0693540998625724, 
        0.0693540998625724, 
        0.0693540998625724, 
        0.0693540998625724, 
        0.0693540998625724, 
        0.0693540998625724, 
        0.0693540998625724, 
        0.0693540998625724, 
        0.0693540998625724, 
        0.0693540998625724, 
        0.0693540998625724, 
        0.0693540998625724, 
        0.0693540998625724, 
        0.0693540998625724, 
        0.0693540998625724, 
        0.0693540998625724, 
        0.0693540998625724, 
        0.0693540998625724, 
        0.0693540998625724, 
        0.0693540998625724, 
        0.0693540998625724, 
        0.0693540998625724, 
        0.0693540998625724, 
        0.0693540998625724, 
        0.0693540998625724, 
        0.0693540998625724, 
        0.0693540998625724, 
        0.0693540998625724, 
        0.0693540998625724, 
        0.0693540998625724, 
        0.0693540998625724, 
        0.0693540998625724, 
        0.0693540998625724, 
        0.0693540998625724, 
        0.0693540998625724, 
        0.0693540998625724, 
        0.0693540998625724, 
        0.0693540998625724, 
        0.0693540998625724, 
        0.0693540998625724, 
        0.0693540998625724, 
        0.0693540998625724, 
        0.0693540998625724, 
        0.0693540998625724, 
        0.0693540998625724, 
        0.0693540998625724, 
        0.0693540998625724, 
        0.0693540998625724, 
        0.0693540998625724, 
        0.0693540998625724, 
        0.0693540998625724, 
        0.0693540998625724, 
        0.0693540998625724, 
        0.0693540998625724, 
        0.0693540998625724, 
        0.0693540998625724, 
        0.0693540998625724, 
        0.0693540998625724, 
        0.0693540998625724, 
        0.0693540998625724, 
        0.0693540998625724, 
        0.0693540998625724, 
        0.0693540998625724, 
        0.0693540998625724, 
        0.0693540998625724, 
        0.0693540998625724, 
        0.08997979317722574, 
        0.08997979317722574, 
        0.08997979317722574, 
        0.08997979317722574, 
        0.08997979317722574, 
        0.23118537585620097, 
        0.23118537585620097, 
        0.23118537585620097, 
        0.23118537585620097, 
        0.23118537585620097, 
        0.23118537585620097, 
        0.23118537585620097, 
        0.23118537585620097, 
        0.23118537585620097, 
        0.29701343762057897, 
        1.0, 
        1.0, 
        1.0, 
        1.0, 
        1.0, 
        1.0, 
        1.0, 
        1.0, 
        1.0, 
        1.0, 
        1.0
    ], 
    "probaDistribData": {
        "probaDistribs": [
            [
                513.0, 
                0.0, 
                61.0, 
                0.0, 
                0.0, 
                5.0, 
                0.0, 
                0.0, 
                0.0, 
                0.0
            ], 
            [
                11.0, 
                0.0, 
                1.0, 
                0.0, 
                0.0, 
                0.0, 
                0.0, 
                0.0, 
                0.0, 
                75.0
            ]
        ], 
        "bins": [
            0.0, 
            0.1, 
            0.2, 
            0.3, 
            0.4, 
            0.5, 
            0.6, 
            0.7, 
            0.8, 
            0.9, 
            1.0
        ]
    }, 
    "rocVizData": [
        [
            {
                "y": 0.0, 
                "x": 0.0, 
                "p": 2.0
            }, 
            {
                "y": 0.8620689655172413, 
                "x": 0.0, 
                "p": 1.0
            }, 
            {
                "y": 0.8735632183908046, 
                "x": 0.11398963730569948, 
                "p": 0.23118537585620097
            }, 
            {
                "y": 0.8735632183908046, 
                "x": 0.17098445595854922, 
                "p": 0.08997979317722574
            }, 
            {
                "y": 1.0, 
                "x": 0.9326424870466321, 
                "p": 0.0693540998625724
            }, 
            {
                "y": 1.0, 
                "x": 1.0, 
                "p": 0.0
            }
        ]
    ], 
    "calibrationData": [
        {
            "y": 0, 
            "x": 0, 
            "n": 0
        }, 
        {
            "y": 0.02099236641221374, 
            "x": 0.06549119525330376, 
            "n": 524.0
        }, 
        {
            "y": 0.016129032258064516, 
            "x": 0.23118537585620103, 
            "n": 62.0
        }, 
        {
            "y": 0.0, 
            "x": 0.5603256846780162, 
            "n": 5.0
        }, 
        {
            "y": 1.0, 
            "x": 1.0, 
            "n": 75.0
        }, 
        {
            "y": 1, 
            "x": 1, 
            "n": 0
        }
    ], 
    "metrics": {}, 
    "densityData": {
        "1": {
            "incorrect": [
                1.3506828863091833, 
                1.3985037601428048, 
                1.6920821243573771, 
                2.9493293768009474, 
                5.785457247583396, 
                9.940381485969805, 
                13.828082530573143, 
                15.341049562348648, 
                13.577093863823682, 
                9.632610532215072, 
                5.520345669619259, 
                2.5804736037519316, 
                0.9944076582659258, 
                0.3188184518379796, 
                0.08559275528158308, 
                0.020356044406391962, 
                0.010810047629511987, 
                0.03367044735637322, 
                0.11909940554190755, 
                0.3372734652881894, 
                0.7536787867676519, 
                1.328327815828587, 
                1.8464244228884135, 
                2.0242531826874854, 
                1.7502703746909984, 
                1.1935825725835691, 
                0.6419582909879863, 
                0.27231287248712427, 
                0.09110381140999238, 
                0.02403875313762178, 
                0.005002583480624835, 
                0.000821076774827321, 
                0.00010628701413642331, 
                1.0851347262224928e-05, 
                8.73763971026613e-07, 
                5.54896032976042e-08, 
                2.779304451634759e-09, 
                1.0979122828405329e-10, 
                3.4206611176402133e-12, 
                8.576746979191539e-14, 
                7.763164800024249e-14, 
                2.656845739421567e-12, 
                7.324913037309889e-11, 
                1.5927576111179028e-09, 
                2.731517095084402e-08, 
                3.6945808315151964e-07, 
                3.9412450513259464e-06, 
                3.315955702515361e-05, 
                0.0002200346201950145, 
                0.0011515434562280405, 
                0.0047530968263203984, 
                0.015473195302144792, 
                0.03972742065557992, 
                0.08044660979637054, 
                0.12847899783840816, 
                0.16183168276796076, 
                0.16076887611016397, 
                0.12596428255075265, 
                0.07783947087347838, 
                0.037936682400115974, 
                0.014582293610280427, 
                0.0044207844913393, 
                0.0010570118731125548, 
                0.0001993275842020265, 
                2.9645716888823015e-05, 
                3.477471076293314e-06, 
                3.2171559383157814e-07, 
                2.347403315306834e-08, 
                1.3508599660903442e-09, 
                6.131122094880653e-11, 
                2.1947073307651037e-12, 
                6.196126558318122e-14, 
                1.3796564680865878e-15, 
                2.4228618901510487e-17, 
                3.3557791575685317e-19, 
                3.665769064289555e-21, 
                3.1582306745353337e-23, 
                2.145999462295902e-25, 
                1.1500649987773395e-27, 
                4.86096148167377e-30, 
                1.6204252025910117e-32, 
                4.260325823813499e-35, 
                8.834127358500067e-38, 
                1.4447460423271453e-40, 
                1.863487083540621e-43, 
                1.8956941778263088e-46, 
                1.5209578602784932e-49, 
                9.624387558381813e-53, 
                4.803259389334725e-56, 
                1.8906276006871197e-59, 
                5.869254790212175e-63, 
                1.4370336850595907e-66, 
                2.774967810813391e-70, 
                4.2262576223631065e-74, 
                5.076460372343793e-78, 
                4.809202338978956e-82, 
                3.593288727156247e-86, 
                2.117474535297654e-90, 
                9.841273318257225e-95, 
                3.6073759598206227e-99
            ], 
            "incorrectMedian": 0.0693540998625724, 
            "correct": [
                0.33127148425777125, 
                0.3436225697826473, 
                0.354582406526781, 
                0.3639969507286985, 
                0.37173300706549534, 
                0.37768147694729465, 
                0.38176001515431485, 
                0.3839150013502772, 
                0.3841227579506426, 
                0.38238997392846974, 
                0.3787533240473347, 
                0.37327830326103817, 
                0.3660573251385849, 
                0.3572071597600935, 
                0.34686580933943917, 
                0.33518893784651776, 
                0.32234598339083487, 
                0.3085160886772075, 
                0.29388398537114147, 
                0.27863596296376475, 
                0.2629560422472404, 
                0.24702245859669292, 
                0.23100454189062428, 
                0.21506005919748697, 
                0.19933306446982157, 
                0.18395227755623347, 
                0.16902999391627413, 
                0.15466150741480342, 
                0.14092501221067286, 
                0.12788193656319627, 
                0.11557765166630192, 
                0.10404249247991036, 
                0.09329302486295397, 
                0.08333349385776559, 
                0.07415739133619151, 
                0.06574908690601865, 
                0.05808547345240233, 
                0.0511375873974388, 
                0.044872173163569805, 
                0.039253170927589544, 
                0.034243116117230646, 
                0.029804447868644144, 
                0.02590073154193661, 
                0.022497807165220134, 
                0.019564881188953658, 
                0.01707558307440026, 
                0.015009010940397754, 
                0.013350791699651364, 
                0.012094180786204388, 
                0.011241224665899722, 
                0.010804005782880143, 
                0.010805984375062853, 
                0.011283444640589627, 
                0.012287044021910668, 
                0.013883453894584934, 
                0.016157067760603085, 
                0.01921173928914997, 
                0.023172497467101982, 
                0.0281871700955704, 
                0.03442783042883035, 
                0.042091965595690804, 
                0.05140325043798849, 
                0.06261179757320995, 
                0.07599374499963611, 
                0.09185003766619351, 
                0.11050426041094641, 
                0.13229938777230846, 
                0.15759333249890134, 
                0.18675319999082005, 
                0.22014819091142748, 
                0.25814113887435675, 
                0.3010787239434294, 
                0.34928046456489475, 
                0.4030266586889078, 
                0.46254551675582745, 
                0.5279998018046238, 
                0.5994733615331284, 
                0.6769579996200675, 
                0.7603411847065599, 
                0.8493951308524137, 
                0.9437677990461212, 
                1.0429763620587555, 
                1.146403642067203, 
                1.2532979706495664, 
                1.3627768339583977, 
                1.4738345536091046, 
                1.5853541191757574, 
                1.6961231358210396, 
                1.8048536865796172, 
                1.910205740424946, 
                2.0108135725671037, 
                2.105314510949698, 
                2.1923791910454775, 
                2.270742397601091, 
                2.339233503648616, 
                2.3968054890025132, 
                2.442561535752974, 
                2.4757782578623106, 
                2.4959247244066187, 
                2.502676577442144
            ], 
            "correctMedian": 1.0
        }, 
        "0": {
            "incorrect": [
                2.502676577442164, 
                2.49592472440661, 
                2.4757782578623084, 
                2.4425615357529677, 
                2.396805489002524, 
                2.339233503648622, 
                2.270742397601091, 
                2.1923791910454695, 
                2.105314510949698, 
                2.0108135725671, 
                1.9102057404249477, 
                1.8048536865796156, 
                1.6961231358210411, 
                1.585354119175759, 
                1.4738345536090969, 
                1.3627768339583963, 
                1.253297970649563, 
                1.146403642067201, 
                1.0429763620587547, 
                0.9437677990461203, 
                0.8493951308524129, 
                0.7603411847065592, 
                0.6769579996200682, 
                0.5994733615331289, 
                0.5279998018046221, 
                0.46254551675582606, 
                0.40302665868890747, 
                0.3492804645648945, 
                0.301078723943429, 
                0.25814113887435675, 
                0.2201481909114273, 
                0.18675319999082005, 
                0.1575933324989012, 
                0.13229938777230824, 
                0.1105042604109465, 
                0.09185003766619326, 
                0.07599374499963628, 
                0.06261179757320987, 
                0.05140325043798849, 
                0.04209196559569095, 
                0.03442783042883008, 
                0.028187170095570525, 
                0.02317249746710191, 
                0.019211739289149942, 
                0.01615706776060317, 
                0.013883453894585033, 
                0.0122870440219107, 
                0.011283444640589637, 
                0.010805984375062873, 
                0.010804005782880075, 
                0.011241224665899652, 
                0.012094180786204388, 
                0.013350791699651234, 
                0.015009010940397726, 
                0.017075583074400272, 
                0.019564881188953605, 
                0.022497807165220225, 
                0.02590073154193662, 
                0.029804447868644196, 
                0.034243116117230694, 
                0.03925317092758951, 
                0.044872173163569784, 
                0.05113758739743885, 
                0.058085473452402385, 
                0.0657490869060187, 
                0.07415739133619155, 
                0.08333349385776562, 
                0.09329302486295397, 
                0.10404249247991088, 
                0.11557765166630171, 
                0.12788193656319616, 
                0.1409250122106726, 
                0.1546615074148037, 
                0.16902999391627377, 
                0.18395227755623283, 
                0.19933306446982166, 
                0.21506005919748764, 
                0.2310045418906249, 
                0.24702245859669333, 
                0.26295604224724134, 
                0.2786359629637661, 
                0.2938839853711424, 
                0.3085160886772075, 
                0.3223459833908346, 
                0.33518893784651954, 
                0.3468658093394423, 
                0.3572071597600935, 
                0.36605732513858813, 
                0.37327830326103834, 
                0.3787533240473357, 
                0.3823899739284728, 
                0.38412275795064654, 
                0.38391500135027906, 
                0.3817600151543179, 
                0.37768147694729737, 
                0.37173300706549567, 
                0.3639969507286975, 
                0.35458240652677975, 
                0.34362256978264777, 
                0.33127148425777114
            ], 
            "incorrectMedian": 0.0, 
            "correct": [
                3.607375959821648e-99, 
                9.841273318260302e-95, 
                2.1174745352984365e-90, 
                3.59328872715737e-86, 
                4.809202338980323e-82, 
                5.076460372345525e-78, 
                4.226257622364187e-74, 
                2.7749678108141796e-70, 
                1.4370336850599175e-66, 
                5.86925479021351e-63, 
                1.890627600687657e-59, 
                4.803259389335749e-56, 
                9.624387558384139e-53, 
                1.5209578602787742e-49, 
                1.8956941778267125e-46, 
                1.863487083540939e-43, 
                1.4447460423273919e-40, 
                8.83412735850195e-38, 
                4.2603258238141044e-35, 
                1.6204252025912878e-32, 
                4.860961481674391e-30, 
                1.1500649987774946e-27, 
                2.145999462296115e-25, 
                3.158230674535693e-23, 
                3.665769064289998e-21, 
                3.3557791575688177e-19, 
                2.4228618901512897e-17, 
                1.3796564680866858e-15, 
                6.196126558318695e-14, 
                2.194707330765283e-12, 
                6.13112209488098e-11, 
                1.3508599660904354e-09, 
                2.3474033153069424e-08, 
                3.217155938315953e-07, 
                3.477471076293431e-06, 
                2.9645716888824225e-05, 
                0.0001993275842020336, 
                0.0010570118731125773, 
                0.00442078449133941, 
                0.014582293610280633, 
                0.03793668240011651, 
                0.07783947087347891, 
                0.1259642825507531, 
                0.1607688761101641, 
                0.1618316827679603, 
                0.12847899783840738, 
                0.08044660979636997, 
                0.03972742065557941, 
                0.01547319530214456, 
                0.004753096826320344, 
                0.001151543456228025, 
                0.00022003462019500942, 
                3.315955702515273e-05, 
                3.9412450513258905e-06, 
                3.6945808315151043e-07, 
                2.7315170950843632e-08, 
                1.592757611117869e-09, 
                7.324913037309785e-11, 
                2.656845739421539e-12, 
                7.763164800024084e-14, 
                8.576746979192211e-14, 
                3.420661117640529e-12, 
                1.0979122828405954e-10, 
                2.7793044516349468e-09, 
                5.5489603297607744e-08, 
                8.737639710266534e-07, 
                1.0851347262225508e-05, 
                0.00010628701413642689, 
                0.0008210767748273539, 
                0.005002583480624959, 
                0.024038753137622444, 
                0.0911038114099944, 
                0.2723128724871274, 
                0.6419582909879942, 
                1.1935825725835776, 
                1.7502703746910047, 
                2.024253182687493, 
                1.8464244228884021, 
                1.3283278158285787, 
                0.7536787867676459, 
                0.337273465288184, 
                0.11909940554190417, 
                0.0336704473563725, 
                0.01081004762951242, 
                0.020356044406392614, 
                0.08559275528158247, 
                0.31881845183797847, 
                0.9944076582659258, 
                2.580473603751911, 
                5.520345669619338, 
                9.632610532215278, 
                13.577093863823201, 
                15.341049562348948, 
                13.82808253057307, 
                9.94038148596968, 
                5.7854572475833335, 
                2.9493293768009394, 
                1.6920821243573727, 
                1.3985037601428048, 
                1.350682886309193
            ], 
            "correctMedian": 0.9306459001374277
        }
    }, 
    "perCutData": {
        "fp": [
            540, 
            540, 
            540, 
            99, 
            66, 
            66, 
            66, 
            66, 
            66, 
            66, 
            5, 
            5, 
            5, 
            5, 
            5, 
            5, 
            5, 
            5, 
            5, 
            5, 
            5, 
            5, 
            5, 
            0, 
            0, 
            0, 
            0, 
            0, 
            0, 
            0, 
            0, 
            0, 
            0, 
            0, 
            0, 
            0, 
            0, 
            0, 
            0, 
            0
        ], 
        "f1": [
            0.24369747899159666, 
            0.24369747899159666, 
            0.24369747899159666, 
            0.5801526717557252, 
            0.6637554585152838, 
            0.6637554585152838, 
            0.6637554585152838, 
            0.6637554585152838, 
            0.6637554585152838, 
            0.6637554585152838, 
            0.8982035928143712, 
            0.8982035928143712, 
            0.8982035928143712, 
            0.8982035928143712, 
            0.8982035928143712, 
            0.8982035928143712, 
            0.8982035928143712, 
            0.8982035928143712, 
            0.8982035928143712, 
            0.8982035928143712, 
            0.8982035928143712, 
            0.8982035928143712, 
            0.8982035928143712, 
            0.9259259259259259, 
            0.9259259259259259, 
            0.9259259259259259, 
            0.9259259259259259, 
            0.9259259259259259, 
            0.9259259259259259, 
            0.9259259259259259, 
            0.9259259259259259, 
            0.9259259259259259, 
            0.9259259259259259, 
            0.9259259259259259, 
            0.9259259259259259, 
            0.9259259259259259, 
            0.9259259259259259, 
            0.9259259259259259, 
            0.9259259259259259, 
            0.9259259259259259
        ], 
        "mcc": [
            0.09667604552431026, 
            0.09667604552431026, 
            0.09667604552431026, 
            0.5379403925566664, 
            0.6249696730571284, 
            0.6249696730571284, 
            0.6249696730571284, 
            0.6249696730571284, 
            0.6249696730571284, 
            0.6249696730571284, 
            0.8846566275344206, 
            0.8846566275344206, 
            0.8846566275344206, 
            0.8846566275344206, 
            0.8846566275344206, 
            0.8846566275344206, 
            0.8846566275344206, 
            0.8846566275344206, 
            0.8846566275344206, 
            0.8846566275344206, 
            0.8846566275344206, 
            0.8846566275344206, 
            0.8846566275344206, 
            0.919002191037162, 
            0.919002191037162, 
            0.919002191037162, 
            0.919002191037162, 
            0.919002191037162, 
            0.919002191037162, 
            0.919002191037162, 
            0.919002191037162, 
            0.919002191037162, 
            0.919002191037162, 
            0.919002191037162, 
            0.919002191037162, 
            0.919002191037162, 
            0.919002191037162, 
            0.919002191037162, 
            0.919002191037162, 
            0.919002191037162
        ], 
        "precision": [
            0.13875598086124402, 
            0.13875598086124402, 
            0.13875598086124402, 
            0.4342857142857143, 
            0.5352112676056338, 
            0.5352112676056338, 
            0.5352112676056338, 
            0.5352112676056338, 
            0.5352112676056338, 
            0.5352112676056338, 
            0.9375, 
            0.9375, 
            0.9375, 
            0.9375, 
            0.9375, 
            0.9375, 
            0.9375, 
            0.9375, 
            0.9375, 
            0.9375, 
            0.9375, 
            0.9375, 
            0.9375, 
            1.0, 
            1.0, 
            1.0, 
            1.0, 
            1.0, 
            1.0, 
            1.0, 
            1.0, 
            1.0, 
            1.0, 
            1.0, 
            1.0, 
            1.0, 
            1.0, 
            1.0, 
            1.0, 
            1.0
        ], 
        "hammingLoss": [
            0.8108108108108109, 
            0.8108108108108109, 
            0.8108108108108109, 
            0.16516516516516516, 
            0.11561561561561562, 
            0.11561561561561562, 
            0.11561561561561562, 
            0.11561561561561562, 
            0.11561561561561562, 
            0.11561561561561562, 
            0.025525525525525526, 
            0.025525525525525526, 
            0.025525525525525526, 
            0.025525525525525526, 
            0.025525525525525526, 
            0.025525525525525526, 
            0.025525525525525526, 
            0.025525525525525526, 
            0.025525525525525526, 
            0.025525525525525526, 
            0.025525525525525526, 
            0.025525525525525526, 
            0.025525525525525526, 
            0.018018018018018018, 
            0.018018018018018018, 
            0.018018018018018018, 
            0.018018018018018018, 
            0.018018018018018018, 
            0.018018018018018018, 
            0.018018018018018018, 
            0.018018018018018018, 
            0.018018018018018018, 
            0.018018018018018018, 
            0.018018018018018018, 
            0.018018018018018018, 
            0.018018018018018018, 
            0.018018018018018018, 
            0.018018018018018018, 
            0.018018018018018018, 
            0.018018018018018018
        ], 
        "fn": [
            0, 
            0, 
            0, 
            11, 
            11, 
            11, 
            11, 
            11, 
            11, 
            11, 
            12, 
            12, 
            12, 
            12, 
            12, 
            12, 
            12, 
            12, 
            12, 
            12, 
            12, 
            12, 
            12, 
            12, 
            12, 
            12, 
            12, 
            12, 
            12, 
            12, 
            12, 
            12, 
            12, 
            12, 
            12, 
            12, 
            12, 
            12, 
            12, 
            12
        ], 
        "cut": [
            0.0, 
            0.025, 
            0.05, 
            0.07500000000000001, 
            0.1, 
            0.125, 
            0.15000000000000002, 
            0.17500000000000002, 
            0.2, 
            0.225, 
            0.25, 
            0.275, 
            0.30000000000000004, 
            0.325, 
            0.35000000000000003, 
            0.375, 
            0.4, 
            0.42500000000000004, 
            0.45, 
            0.47500000000000003, 
            0.5, 
            0.525, 
            0.55, 
            0.5750000000000001, 
            0.6000000000000001, 
            0.625, 
            0.65, 
            0.675, 
            0.7000000000000001, 
            0.7250000000000001, 
            0.75, 
            0.775, 
            0.8, 
            0.8250000000000001, 
            0.8500000000000001, 
            0.875, 
            0.9, 
            0.925, 
            0.9500000000000001, 
            0.9750000000000001
        ], 
        "recall": [
            1.0, 
            1.0, 
            1.0, 
            0.8735632183908046, 
            0.8735632183908046, 
            0.8735632183908046, 
            0.8735632183908046, 
            0.8735632183908046, 
            0.8735632183908046, 
            0.8735632183908046, 
            0.8620689655172413, 
            0.8620689655172413, 
            0.8620689655172413, 
            0.8620689655172413, 
            0.8620689655172413, 
            0.8620689655172413, 
            0.8620689655172413, 
            0.8620689655172413, 
            0.8620689655172413, 
            0.8620689655172413, 
            0.8620689655172413, 
            0.8620689655172413, 
            0.8620689655172413, 
            0.8620689655172413, 
            0.8620689655172413, 
            0.8620689655172413, 
            0.8620689655172413, 
            0.8620689655172413, 
            0.8620689655172413, 
            0.8620689655172413, 
            0.8620689655172413, 
            0.8620689655172413, 
            0.8620689655172413, 
            0.8620689655172413, 
            0.8620689655172413, 
            0.8620689655172413, 
            0.8620689655172413, 
            0.8620689655172413, 
            0.8620689655172413, 
            0.8620689655172413
        ], 
        "tp": [
            87, 
            87, 
            87, 
            76, 
            76, 
            76, 
            76, 
            76, 
            76, 
            76, 
            75, 
            75, 
            75, 
            75, 
            75, 
            75, 
            75, 
            75, 
            75, 
            75, 
            75, 
            75, 
            75, 
            75, 
            75, 
            75, 
            75, 
            75, 
            75, 
            75, 
            75, 
            75, 
            75, 
            75, 
            75, 
            75, 
            75, 
            75, 
            75, 
            75
        ], 
        "tn": [
            39, 
            39, 
            39, 
            480, 
            513, 
            513, 
            513, 
            513, 
            513, 
            513, 
            574, 
            574, 
            574, 
            574, 
            574, 
            574, 
            574, 
            574, 
            574, 
            574, 
            574, 
            574, 
            574, 
            579, 
            579, 
            579, 
            579, 
            579, 
            579, 
            579, 
            579, 
            579, 
            579, 
            579, 
            579, 
            579, 
            579, 
            579, 
            579, 
            579
        ], 
        "accuracy": [
            0.1891891891891892, 
            0.1891891891891892, 
            0.1891891891891892, 
            0.8348348348348348, 
            0.8843843843843844, 
            0.8843843843843844, 
            0.8843843843843844, 
            0.8843843843843844, 
            0.8843843843843844, 
            0.8843843843843844, 
            0.9744744744744744, 
            0.9744744744744744, 
            0.9744744744744744, 
            0.9744744744744744, 
            0.9744744744744744, 
            0.9744744744744744, 
            0.9744744744744744, 
            0.9744744744744744, 
            0.9744744744744744, 
            0.9744744744744744, 
            0.9744744744744744, 
            0.9744744744744744, 
            0.9744744744744744, 
            0.9819819819819819, 
            0.9819819819819819, 
            0.9819819819819819, 
            0.9819819819819819, 
            0.9819819819819819, 
            0.9819819819819819, 
            0.9819819819819819, 
            0.9819819819819819, 
            0.9819819819819819, 
            0.9819819819819819, 
            0.9819819819819819, 
            0.9819819819819819, 
            0.9819819819819819, 
            0.9819819819819819, 
            0.9819819819819819, 
            0.9819819819819819, 
            0.9819819819819819
        ]
    }, 
    "optimalThreshold": 0.5750000000000001, 
    "tiMetrics": {
        "logLoss": 0.12878861840300876, 
        "auc": 0.9295257379945606, 
        "lift": 2.3310863365309826, 
        "calibrationLoss": 0.05923800005886743
    }, 
    "processed_feature_names": [
        "Account Length", 
        "Area Code", 
        "CustServ Calls", 
        "Day Calls", 
        "Day_Charge", 
        "Day_Mins", 
        "Eve Calls", 
        "Eve_Charge", 
        "Eve_Mins", 
        "Int'l Plan", 
        "Intl Calls", 
        "Intl_Charge", 
        "Intl_Mins", 
        "Night Calls", 
        "Night_Charge", 
        "Night_Mins", 
        "Total_Charge", 
        "Total_min", 
        "VMail Message", 
        "VMail Plan", 
        "ratio_total_min", 
        "dummy:State:WV", 
        "dummy:State:MN", 
        "dummy:State:WI", 
        "dummy:State:OR", 
        "dummy:State:AL", 
        "dummy:State:VA", 
        "dummy:State:MI", 
        "dummy:State:NY", 
        "dummy:State:OH", 
        "dummy:State:WY", 
        "dummy:State:NC", 
        "dummy:State:WA", 
        "dummy:State:CT", 
        "dummy:State:IN", 
        "dummy:State:MO", 
        "dummy:State:MA", 
        "dummy:State:KS", 
        "dummy:State:UT", 
        "dummy:State:CO", 
        "dummy:State:ID", 
        "dummy:State:TX", 
        "dummy:State:VT", 
        "dummy:State:NJ", 
        "dummy:State:ME", 
        "dummy:State:MD", 
        "dummy:State:SC", 
        "dummy:State:NV", 
        "dummy:State:NE", 
        "dummy:State:MS", 
        "dummy:State:MT", 
        "dummy:State:FL", 
        "dummy:State:NM", 
        "dummy:State:IL", 
        "dummy:State:OK", 
        "dummy:State:ND", 
        "dummy:State:DE", 
        "dummy:State:AZ", 
        "dummy:State:LA", 
        "dummy:State:SD", 
        "dummy:State:KY", 
        "dummy:State:NH", 
        "dummy:State:HI", 
        "dummy:State:AK", 
        "dummy:State:DC", 
        "dummy:State:AR", 
        "dummy:State:PA", 
        "dummy:State:GA", 
        "dummy:State:RI", 
        "dummy:State:TN", 
        "dummy:State:IA", 
        "dummy:State:CA", 
        "dummy:State:N/A", 
        "dummy:State:__Others__", 
        "dummy:cluster_labels:cluster_1", 
        "dummy:cluster_labels:cluster_3", 
        "dummy:cluster_labels:cluster_5", 
        "dummy:cluster_labels:cluster_2", 
        "dummy:cluster_labels:cluster_4", 
        "dummy:cluster_labels:cluster_0", 
        "dummy:cluster_labels:cluster_6", 
        "dummy:cluster_labels:N/A", 
        "dummy:cluster_labels:__Others__"
    ], 
    "globalMetrics": {
        "predictionAvg": [
            0.11261261261261261
        ], 
        "predictionStd": [
            0.3163562616605051
        ], 
        "targetStd": [
            0.33724923323262207
        ], 
        "targetAvg": [
            0.13063063063063063
        ], 
        "testWeight": 666
    }
}