{"clusters": [{"facts": [{"std": 0.0, "global_mean": 0.0969096909690969, "feature_label": "Int'l Plan", "global_std": 0.2958791454844224, "cluster_label": "cluster_0", "diff": 3.052226974470728, "type": "numerical", "mean": 1.0}, {"std": 0.49205296607831456, "global_mean": 0.14491449144914492, "feature_label": "Churn?", "global_std": 0.35206742362412946, "cluster_label": "cluster_0", "diff": 0.7419481588531327, "type": "numerical", "mean": 0.4061302681992337}, {"std": 46.167223181776244, "global_mean": 437.18241824182417, "feature_label": "Area Code", "global_std": 42.371290485606224, "cluster_label": "cluster_0", "diff": 0.1963475119978766, "type": "numerical", "mean": 445.50191570881225}], "cluster": "cluster_0", "size": 261}, {"facts": [{"std": 37.78138707027935, "global_mean": 200.87203720372048, "feature_label": "Night_Mins", "global_std": 50.5738470136583, "cluster_label": "cluster_1", "diff": 0.6892647669787361, "type": "numerical", "mean": 235.73080808080792}, {"std": 1.7001392396177546, "global_mean": 9.039324932493264, "feature_label": "Night_Charge", "global_std": 2.2758728376600317, "cluster_label": "cluster_1", "diff": 0.6892430837981645, "type": "numerical", "mean": 10.607954545454543}, {"std": 0.035533452725935, "global_mean": 0.27662766276627665, "feature_label": "VMail Plan", "global_std": 0.4473978703800777, "cluster_label": "cluster_1", "diff": -0.6154813304536288, "type": "numerical", "mean": 0.0012626262626262627}], "cluster": "cluster_1", "size": 792}, {"facts": [{"std": 0.0, "global_mean": 0.27662766276627665, "feature_label": "VMail Plan", "global_std": 0.4473978703800777, "cluster_label": "cluster_2", "diff": 1.616843496861523, "type": "numerical", "mean": 1.0}, {"std": 7.606885639020685, "global_mean": 8.099009900990099, "feature_label": "VMail Message", "global_std": 13.68836537203884, "cluster_label": "cluster_2", "diff": 1.5467194320581288, "type": "numerical", "mean": 29.27107061503417}, {"std": 6.6543119133443485, "global_mean": 59.44975397539747, "feature_label": "Total_Charge", "global_std": 10.50226075242101, "cluster_label": "cluster_2", "diff": -0.7546681873147927, "type": "numerical", "mean": 51.524031890660616}], "cluster": "cluster_2", "size": 439}, {"facts": [{"std": 5.918124703204812, "global_mean": 59.44975397539747, "feature_label": "Total_Charge", "global_std": 10.50226075242101, "cluster_label": "cluster_3", "diff": -1.2170537820227916, "type": "numerical", "mean": 46.66793780687395}, {"std": 56.946699880183594, "global_mean": 591.8647764776483, "feature_label": "Total_min", "global_std": 89.95425115217, "cluster_label": "cluster_3", "diff": -1.0844570242357583, "type": "numerical", "mean": 494.31325695581}, {"std": 36.587265359376396, "global_mean": 179.77509750975116, "feature_label": "Day_Mins", "global_std": 54.46738920237142, "cluster_label": "cluster_3", "diff": -1.0549649383039446, "type": "numerical", "mean": 122.31391162029446}], "cluster": "cluster_3", "size": 611}, {"facts": [{"std": 0.0, "global_mean": 0.27662766276627665, "feature_label": "VMail Plan", "global_std": 0.4473978703800777, "cluster_label": "cluster_4", "diff": 1.616843496861523, "type": "numerical", "mean": 1.0}, {"std": 7.270960108696481, "global_mean": 8.099009900990099, "feature_label": "VMail Message", "global_std": 13.68836537203884, "cluster_label": "cluster_4", "diff": 1.573854109930225, "type": "numerical", "mean": 29.6425}, {"std": 55.64212320208574, "global_mean": 591.8647764776483, "feature_label": "Total_min", "global_std": 89.95425115217, "cluster_label": "cluster_4", "diff": 0.8751084302751485, "type": "numerical", "mean": 670.5845000000003}], "cluster": "cluster_4", "size": 400}, {"facts": [{"std": 1.6736860674552787, "global_mean": 9.039324932493264, "feature_label": "Night_Charge", "global_std": 2.2758728376600317, "cluster_label": "cluster_5", "diff": -0.792304248088174, "type": "numerical", "mean": 7.236141215106733}, {"std": 37.19348426539507, "global_mean": 200.87203720372048, "feature_label": "Night_Mins", "global_std": 50.5738470136583, "cluster_label": "cluster_5", "diff": -0.792291828847568, "type": "numerical", "mean": 160.80279146141203}, {"std": 0.1139519584253342, "global_mean": 0.27662766276627665, "feature_label": "VMail Plan", "global_std": 0.4473978703800777, "cluster_label": "cluster_5", "diff": -0.5889419490174931, "type": "numerical", "mean": 0.013136288998357963}], "cluster": "cluster_5", "size": 609}, {"facts": [{"std": 0.0, "global_mean": 0.14491449144914492, "feature_label": "Churn?", "global_std": 0.35206742362412946, "cluster_label": "cluster_6", "diff": 2.4287549803635127, "type": "numerical", "mean": 1.0}, {"std": 5.159848516505761, "global_mean": 59.44975397539747, "feature_label": "Total_Charge", "global_std": 10.50226075242101, "cluster_label": "cluster_6", "diff": 1.7747328887037432, "type": "numerical", "mean": 78.08846153846156}, {"std": 34.43117214056561, "global_mean": 179.77509750975116, "feature_label": "Day_Mins", "global_std": 54.46738920237142, "cluster_label": "cluster_6", "diff": 1.5878074437960252, "type": "numerical", "mean": 266.25882352941176}], "cluster": "cluster_6", "size": 221}], "global": {"facts": [{"std": 0.0, "global_mean": 0.0969096909690969, "feature_label": "Int'l Plan", "global_std": 0.2958791454844224, "cluster_label": "cluster_0", "diff": 3.052226974470728, "type": "numerical", "mean": 1.0}, {"std": 0.0, "global_mean": 0.14491449144914492, "feature_label": "Churn?", "global_std": 0.35206742362412946, "cluster_label": "cluster_6", "diff": 2.4287549803635127, "type": "numerical", "mean": 1.0}, {"std": 5.159848516505761, "global_mean": 59.44975397539747, "feature_label": "Total_Charge", "global_std": 10.50226075242101, "cluster_label": "cluster_6", "diff": 1.7747328887037432, "type": "numerical", "mean": 78.08846153846156}, {"std": 0.0, "global_mean": 0.27662766276627665, "feature_label": "VMail Plan", "global_std": 0.4473978703800777, "cluster_label": "cluster_2", "diff": 1.616843496861523, "type": "numerical", "mean": 1.0}, {"std": 0.0, "global_mean": 0.27662766276627665, "feature_label": "VMail Plan", "global_std": 0.4473978703800777, "cluster_label": "cluster_4", "diff": 1.616843496861523, "type": "numerical", "mean": 1.0}, {"std": 34.43117214056561, "global_mean": 179.77509750975116, "feature_label": "Day_Mins", "global_std": 54.46738920237142, "cluster_label": "cluster_6", "diff": 1.5878074437960252, "type": "numerical", "mean": 266.25882352941176}, {"std": 5.853674551144766, "global_mean": 30.562307230723093, "feature_label": "Day_Charge", "global_std": 9.259434553930507, "cluster_label": "cluster_6", "diff": 1.5878045599496224, "type": "numerical", "mean": 45.26447963800905}, {"std": 7.270960108696481, "global_mean": 8.099009900990099, "feature_label": "VMail Message", "global_std": 13.68836537203884, "cluster_label": "cluster_4", "diff": 1.573854109930225, "type": "numerical", "mean": 29.6425}, {"std": 51.88108673929755, "global_mean": 591.8647764776483, "feature_label": "Total_min", "global_std": 89.95425115217, "cluster_label": "cluster_6", "diff": 1.5648972491117132, "type": "numerical", "mean": 732.6339366515833}, {"std": 7.606885639020685, "global_mean": 8.099009900990099, "feature_label": "VMail Message", "global_std": 13.68836537203884, "cluster_label": "cluster_2", "diff": 1.5467194320581288, "type": "numerical", "mean": 29.27107061503417}], "size": 3333}}