{"clusters": [{"facts": [{"std": 0.1370820733641813, "global_mean": 0.14491449144914492, "feature_label": "Churn?", "global_std": 0.35206742362412946, "cluster_label": "cluster_0", "diff": 2.3745495407656048, "type": "numerical", "mean": 0.9809160305343512}, {"std": 6.206352854348799, "global_mean": 59.44975397539747, "feature_label": "Total_Charge", "global_std": 10.50226075242101, "cluster_label": "cluster_0", "diff": 1.661003496043264, "type": "numerical", "mean": 76.89404580152673}, {"std": 38.17974572571059, "global_mean": 179.77509750975116, "feature_label": "Day_Mins", "global_std": 54.46738920237142, "cluster_label": "cluster_0", "diff": 1.475189334888407, "type": "numerical", "mean": 260.12480916030546}], "cluster": "cluster_0", "size": 262}, {"facts": [{"std": 0.0, "global_mean": 0.27662766276627665, "feature_label": "VMail Plan", "global_std": 0.4473978703800777, "cluster_label": "cluster_1", "diff": 1.616843496861523, "type": "numerical", "mean": 1.0}, {"std": 7.3619783454826235, "global_mean": 8.099009900990099, "feature_label": "VMail Message", "global_std": 13.68836537203884, "cluster_label": "cluster_1", "diff": 1.589534788470652, "type": "numerical", "mean": 29.857142857142858}, {"std": 72.40650608596091, "global_mean": 591.8647764776483, "feature_label": "Total_min", "global_std": 89.95425115217, "cluster_label": "cluster_1", "diff": 0.25032493785757054, "type": "numerical", "mean": 614.3825688073396}], "cluster": "cluster_1", "size": 763}, {"facts": [{"std": 1.674364699889666, "global_mean": 9.039324932493264, "feature_label": "Night_Charge", "global_std": 2.2758728376600317, "cluster_label": "cluster_2", "diff": -0.717913927079804, "type": "numerical", "mean": 7.405444126074493}, {"std": 37.20709852790446, "global_mean": 200.87203720372048, "feature_label": "Night_Mins", "global_std": 50.5738470136583, "cluster_label": "cluster_2", "diff": -0.7178779198301406, "type": "numerical", "mean": 164.5661891117477}, {"std": 0.09238140692495728, "global_mean": 0.27662766276627665, "feature_label": "VMail Plan", "global_std": 0.4473978703800777, "cluster_label": "cluster_2", "diff": -0.5990901878900181, "type": "numerical", "mean": 0.008595988538681949}], "cluster": "cluster_2", "size": 698}, {"facts": [{"std": 1.6629573465645637, "global_mean": 9.039324932493264, "feature_label": "Night_Charge", "global_std": 2.2758728376600317, "cluster_label": "cluster_3", "diff": 0.750536582021658, "type": "numerical", "mean": 10.747450753186556}, {"std": 36.95466307440716, "global_mean": 200.87203720372048, "feature_label": "Night_Mins", "global_std": 50.5738470136583, "cluster_label": "cluster_3", "diff": 0.7505271919431575, "type": "numerical", "mean": 238.8290845886443}, {"std": 0.0588912567324832, "global_mean": 0.27662766276627665, "feature_label": "VMail Plan", "global_std": 0.4473978703800777, "cluster_label": "cluster_3", "diff": -0.6105335657488344, "type": "numerical", "mean": 0.0034762456546929316}], "cluster": "cluster_3", "size": 863}, {"facts": [{"std": 5.816143823188143, "global_mean": 59.44975397539747, "feature_label": "Total_Charge", "global_std": 10.50226075242101, "cluster_label": "cluster_4", "diff": -1.2781395704018792, "type": "numerical", "mean": 46.02639892904956}, {"std": 51.97684130186611, "global_mean": 591.8647764776483, "feature_label": "Total_min", "global_std": 89.95425115217, "cluster_label": "cluster_4", "diff": -1.2353950156037732, "type": "numerical", "mean": 480.73574297188753}, {"std": 6.4224694652026955, "global_mean": 30.562307230723093, "feature_label": "Day_Charge", "global_std": 9.259434553930507, "cluster_label": "cluster_4", "diff": -1.0458385379129498, "type": "numerical", "mean": 20.878433734939765}], "cluster": "cluster_4", "size": 747}], "global": {"facts": [{"std": 0.1370820733641813, "global_mean": 0.14491449144914492, "feature_label": "Churn?", "global_std": 0.35206742362412946, "cluster_label": "cluster_0", "diff": 2.3745495407656048, "type": "numerical", "mean": 0.9809160305343512}, {"std": 6.206352854348799, "global_mean": 59.44975397539747, "feature_label": "Total_Charge", "global_std": 10.50226075242101, "cluster_label": "cluster_0", "diff": 1.661003496043264, "type": "numerical", "mean": 76.89404580152673}, {"std": 0.0, "global_mean": 0.27662766276627665, "feature_label": "VMail Plan", "global_std": 0.4473978703800777, "cluster_label": "cluster_1", "diff": 1.616843496861523, "type": "numerical", "mean": 1.0}, {"std": 7.3619783454826235, "global_mean": 8.099009900990099, "feature_label": "VMail Message", "global_std": 13.68836537203884, "cluster_label": "cluster_1", "diff": 1.589534788470652, "type": "numerical", "mean": 29.857142857142858}, {"std": 38.17974572571059, "global_mean": 179.77509750975116, "feature_label": "Day_Mins", "global_std": 54.46738920237142, "cluster_label": "cluster_0", "diff": 1.475189334888407, "type": "numerical", "mean": 260.12480916030546}, {"std": 6.490886211410737, "global_mean": 30.562307230723093, "feature_label": "Day_Charge", "global_std": 9.259434553930507, "cluster_label": "cluster_0", "diff": 1.4751801431387352, "type": "numerical", "mean": 44.22164122137405}, {"std": 57.870417522096744, "global_mean": 591.8647764776483, "feature_label": "Total_min", "global_std": 89.95425115217, "cluster_label": "cluster_0", "diff": 1.4603109473793463, "type": "numerical", "mean": 723.2259541984733}, {"std": 5.816143823188143, "global_mean": 59.44975397539747, "feature_label": "Total_Charge", "global_std": 10.50226075242101, "cluster_label": "cluster_4", "diff": -1.2781395704018792, "type": "numerical", "mean": 46.02639892904956}, {"std": 51.97684130186611, "global_mean": 591.8647764776483, "feature_label": "Total_min", "global_std": 89.95425115217, "cluster_label": "cluster_4", "diff": -1.2353950156037732, "type": "numerical", "mean": 480.73574297188753}, {"std": 6.4224694652026955, "global_mean": 30.562307230723093, "feature_label": "Day_Charge", "global_std": 9.259434553930507, "cluster_label": "cluster_4", "diff": -1.0458385379129498, "type": "numerical", "mean": 20.878433734939765}], "size": 3333}}