{
    "rawImportance": {
        "variables": [
            "Account Length", 
            "Area Code", 
            "CustServ Calls", 
            "Day Calls", 
            "Day_Charge", 
            "Day_Mins", 
            "Eve Calls", 
            "Eve_Charge", 
            "Eve_Mins", 
            "Int'l Plan", 
            "Intl Calls", 
            "Intl_Charge", 
            "Intl_Mins", 
            "Night Calls", 
            "Night_Charge", 
            "Night_Mins", 
            "Total_Charge", 
            "Total_min", 
            "VMail Message", 
            "VMail Plan", 
            "ratio_total_min", 
            "dummy:State:WV", 
            "dummy:State:MN", 
            "dummy:State:WI", 
            "dummy:State:OR", 
            "dummy:State:AL", 
            "dummy:State:VA", 
            "dummy:State:MI", 
            "dummy:State:NY", 
            "dummy:State:OH", 
            "dummy:State:WY", 
            "dummy:State:NC", 
            "dummy:State:WA", 
            "dummy:State:CT", 
            "dummy:State:IN", 
            "dummy:State:MO", 
            "dummy:State:MA", 
            "dummy:State:KS", 
            "dummy:State:UT", 
            "dummy:State:CO", 
            "dummy:State:ID", 
            "dummy:State:TX", 
            "dummy:State:VT", 
            "dummy:State:NJ", 
            "dummy:State:ME", 
            "dummy:State:MD", 
            "dummy:State:SC", 
            "dummy:State:NV", 
            "dummy:State:NE", 
            "dummy:State:MS", 
            "dummy:State:MT", 
            "dummy:State:FL", 
            "dummy:State:NM", 
            "dummy:State:IL", 
            "dummy:State:OK", 
            "dummy:State:ND", 
            "dummy:State:DE", 
            "dummy:State:AZ", 
            "dummy:State:LA", 
            "dummy:State:SD", 
            "dummy:State:KY", 
            "dummy:State:NH", 
            "dummy:State:HI", 
            "dummy:State:AK", 
            "dummy:State:DC", 
            "dummy:State:AR", 
            "dummy:State:PA", 
            "dummy:State:GA", 
            "dummy:State:RI", 
            "dummy:State:TN", 
            "dummy:State:IA", 
            "dummy:State:CA", 
            "dummy:cluster_labels:cluster_1", 
            "dummy:cluster_labels:cluster_3", 
            "dummy:cluster_labels:cluster_5", 
            "dummy:cluster_labels:cluster_2", 
            "dummy:cluster_labels:cluster_4", 
            "dummy:cluster_labels:cluster_0", 
            "dummy:cluster_labels:cluster_6"
        ], 
        "importances": [
            0.01677930762937126, 
            0.00424271820762432, 
            0.13410371082554176, 
            0.019414034017282446, 
            0.054320469051793836, 
            0.048273819129000355, 
            0.016486403198919322, 
            0.020772704498036206, 
            0.021291136349493634, 
            0.040282615346903965, 
            0.026053386767776673, 
            0.02183353392852421, 
            0.023121969127539894, 
            0.014554491303847113, 
            0.018340722322169788, 
            0.021233712057583464, 
            0.08972186416629734, 
            0.04767864836053624, 
            0.016049062800080262, 
            0.00977916865274347, 
            0.028261886901767327, 
            0.0008914330992491355, 
            0.00020865764884495344, 
            0.0002866604965436765, 
            0.00032357375990961604, 
            0.00026963079784586184, 
            0.0012090335477220094, 
            0.0012885976598557755, 
            0.0008686170196667951, 
            0.0015448269667823103, 
            0.0006697071508483378, 
            0.0018286122466615337, 
            0.0009208296711163173, 
            0.0007702817275277608, 
            0.0009619264394417513, 
            0.0006953212553997949, 
            0.001285715239702826, 
            0.0005978210651975154, 
            0.0008649402105410159, 
            0.0008948025782383905, 
            0.0007435454912314604, 
            0.0017403383818327452, 
            0.00013599848427420342, 
            0.0014484615997709535, 
            0.001306674297418358, 
            0.000611347602778496, 
            0.0015213442722705015, 
            0.0005521708803715009, 
            0.0011544643246612575, 
            0.002567724496726458, 
            0.0010672072015910083, 
            0.0010182810370735582, 
            0.0006674277394616001, 
            0.0006750381126628239, 
            0.0003803120320318651, 
            0.0008069820924251279, 
            0.0002524475816878144, 
            0.0005019315571234988, 
            0.0015173163851242041, 
            0.0011627909002085498, 
            0.0002550336180816096, 
            0.00013453143706860339, 
            0.0003814808408558211, 
            0.0003560186052628811, 
            0.0019953214983188653, 
            0.0010756686474542772, 
            0.0005479599578503664, 
            0.000638636300311954, 
            0.0007697314916224781, 
            0.0005314880811265586, 
            0.00024662019212763744, 
            0.001708565226284213, 
            0.040198647307389625, 
            0.006407699302788759, 
            0.025897776399842275, 
            0.003519317975770223, 
            0.016755561481738433, 
            0.04893073238432154, 
            0.12084105155712979
        ]
    }, 
    "probaAware": true, 
    "modelInputNRows": 2667, 
    "modelInputNCols": 83, 
    "modelInputMemory": 1770888, 
    "modelInputIsSparse": false
}