ND	182.0	415.0	400-3945	0.0	0.0	0.0	104.9	111.0	17.83	198.5	120.0	16.87	258.2	91.0	11.62	8.0	569.5999999999998	5.0	2.16	48.48	0.08511235955056182	2.0	0	cluster_3
DE	54.0	415.0	379-3953	1.0	0.0	0.0	214.1	77.0	36.4	240.5	94.0	20.44	188.9	75.0	8.5	10.1	653.6	3.0	2.73	68.07000000000001	0.10414626682986537	1.0	0	cluster_0
MI	137.0	510.0	355-9508	0.0	0.0	0.0	206.4	122.0	35.09	128.0	102.0	10.88	194.5	84.0	8.75	8.8	537.6999999999998	5.0	2.38	57.10000000000001	0.10619304444857733	2.0	0	cluster_5
IN	48.0	510.0	342-6696	0.0	0.0	0.0	300.4	94.0	51.07	133.2	103.0	11.32	197.4	94.0	8.88	7.2	638.2	5.0	1.94	73.21	0.11471325603259165	2.0	0	cluster_5
MT	160.0	415.0	329-8436	0.0	0.0	0.0	97.5	113.0	16.58	268.1	69.0	22.79	255.3	62.0	11.49	13.2	634.1000000000001	4.0	3.56	54.42	0.08582242548493926	3.0	0	cluster_1
VT	50.0	415.0	387-5891	1.0	1.0	26.0	307.1	94.0	52.21	289.4	78.0	24.6	174.9	109.0	7.87	8.0	779.4	3.0	2.16	86.84	0.11141904028740057	0.0	0	cluster_4
MD	189.0	415.0	411-1325	0.0	1.0	30.0	155.2	116.0	26.38	195.5	50.0	16.62	170.1	108.0	7.65	15.4	536.1999999999998	6.0	4.16	54.81	0.1022193211488251	1.0	0	cluster_2
LA	89.0	415.0	382-4024	0.0	0.0	0.0	141.1	92.0	23.99	249.1	126.0	21.17	136.0	73.0	6.12	10.8	537.0	2.0	2.92	54.2	0.10093109869646183	2.0	0	cluster_5
MD	102.0	415.0	349-7362	0.0	0.0	0.0	271.1	80.0	46.09	172.0	133.0	14.62	169.2	105.0	7.61	10.3	622.5999999999998	5.0	2.78	71.10000000000002	0.11419852232573088	1.0	0	cluster_5
FL	22.0	415.0	378-9506	0.0	0.0	0.0	181.8	108.0	30.91	198.6	148.0	16.88	206.6	96.0	9.3	9.3	596.3	3.0	2.51	59.6	0.0999496897534798	2.0	0	cluster_1
VA	16.0	510.0	368-2583	0.0	0.0	0.0	205.6	69.0	34.95	169.5	93.0	14.41	220.1	64.0	9.9	10.9	606.1	3.0	2.94	62.2	0.10262332948358356	0.0	0	cluster_1
SD	91.0	510.0	327-3850	0.0	0.0	0.0	149.0	115.0	25.33	245.3	105.0	20.85	260.0	94.0	11.7	8.3	662.5999999999998	3.0	2.24	60.12	0.09073347419257473	0.0	0	cluster_1
VT	68.0	415.0	396-6390	0.0	0.0	0.0	158.8	119.0	27.0	211.8	105.0	18.0	198.1	101.0	8.91	10.3	579.0	3.0	2.78	56.69	0.09791018998272884	1.0	0	cluster_1
NC	135.0	415.0	383-7689	0.0	0.0	0.0	201.8	81.0	34.31	225.0	114.0	19.13	204.4	82.0	9.2	10.3	641.5	6.0	2.78	65.42	0.10197973499610288	1.0	0	cluster_1
NV	137.0	415.0	338-1027	1.0	0.0	0.0	135.1	95.0	22.97	134.1	102.0	11.4	223.1	81.0	10.04	12.3	504.6	2.0	3.32	47.73	0.09458977407847799	2.0	1	cluster_0
ID	119.0	415.0	338-9952	1.0	1.0	32.0	173.0	101.0	29.41	209.4	93.0	17.8	231.1	91.0	10.4	12.2	625.7	4.0	3.29	60.9	0.09733098929199296	0.0	0	cluster_0
CT	74.0	408.0	384-3389	0.0	0.0	0.0	157.1	95.0	26.71	213.1	36.0	18.11	280.4	77.0	12.62	7.6	658.1999999999998	3.0	2.05	59.49	0.09038286235186876	2.0	0	cluster_1
GA	64.0	408.0	356-1952	0.0	0.0	0.0	124.1	117.0	21.1	192.8	108.0	16.39	162.9	84.0	7.33	6.4	486.19999999999993	5.0	1.73	46.55	0.09574249280131635	3.0	0	cluster_3
RI	56.0	415.0	383-6293	0.0	0.0	0.0	226.0	112.0	38.42	248.5	118.0	21.12	140.5	142.0	6.32	6.9	621.9	11.0	1.86	67.72000000000001	0.10889210484000646	1.0	0	cluster_5
RI	70.0	415.0	369-4962	0.0	0.0	0.0	134.7	96.0	22.9	235.9	90.0	20.05	260.2	113.0	11.71	7.6	638.4	6.0	2.05	56.71	0.08883145363408522	3.0	0	cluster_1
NM	188.0	415.0	369-6890	1.0	1.0	26.0	198.8	115.0	33.8	166.6	67.0	14.16	198.5	118.0	8.93	14.4	578.3	3.0	3.89	60.78	0.1051011585682172	1.0	1	cluster_0
NC	172.0	408.0	331-5962	0.0	1.0	47.0	274.9	102.0	46.73	186.6	118.0	15.86	245.0	123.0	11.03	8.8	715.3	2.0	2.38	75.99999999999999	0.10624912624073814	1.0	0	cluster_4
ME	62.0	415.0	358-1346	1.0	1.0	32.0	218.4	93.0	37.13	236.7	132.0	20.12	192.2	137.0	8.65	13.2	660.5	3.0	3.56	69.46000000000001	0.10516275548826648	0.0	1	cluster_0
NM	85.0	408.0	338-9210	0.0	1.0	37.0	229.6	123.0	39.03	132.3	90.0	11.25	211.9	76.0	9.54	9.5	583.3	8.0	2.57	62.39	0.10696039773701355	2.0	0	cluster_2
DE	138.0	510.0	380-7816	1.0	0.0	0.0	46.5	104.0	7.91	186.0	114.0	15.81	167.5	95.0	7.54	9.6	409.6	4.0	2.59	33.849999999999994	0.08264160156249999	4.0	1	cluster_3
OR	65.0	415.0	397-5060	0.0	0.0	0.0	116.8	87.0	19.86	178.9	93.0	15.21	182.4	150.0	8.21	14.1	492.2000000000001	2.0	3.81	47.09	0.09567249085737503	1.0	0	cluster_3
DE	30.0	415.0	349-4703	0.0	1.0	30.0	217.4	74.0	36.96	213.8	86.0	18.17	227.2	104.0	10.22	6.6	665.0000000000001	3.0	1.78	67.13000000000001	0.10094736842105263	0.0	0	cluster_4
OK	123.0	415.0	393-3635	0.0	1.0	27.0	198.7	127.0	33.78	249.0	105.0	21.17	173.2	124.0	7.79	12.5	633.4	5.0	3.38	66.12	0.10438901168298075	1.0	0	cluster_4
DE	99.0	415.0	415-1141	0.0	0.0	0.0	140.7	88.0	23.92	210.9	98.0	17.93	229.9	125.0	10.35	12.4	593.9	4.0	3.35	55.55	0.09353426502778245	2.0	0	cluster_1
CO	90.0	408.0	393-8199	0.0	1.0	30.0	183.8	76.0	31.25	229.7	95.0	19.52	144.1	124.0	6.48	7.7	565.3000000000002	3.0	2.08	59.33	0.10495312223598086	1.0	0	cluster_2
NH	50.0	408.0	339-4636	0.0	0.0	0.0	154.7	102.0	26.3	298.0	108.0	25.33	210.2	95.0	9.46	11.1	674.0	3.0	3.0	64.09	0.09508902077151336	0.0	0	cluster_1
DE	67.0	415.0	413-7743	1.0	1.0	35.0	181.1	59.0	30.79	215.9	116.0	18.35	216.3	106.0	9.73	16.9	630.1999999999998	4.0	4.56	63.43000000000001	0.10065058711520156	0.0	1	cluster_0
OH	146.0	415.0	358-3604	0.0	0.0	0.0	169.5	93.0	28.82	230.9	71.0	19.63	269.8	115.0	12.14	9.0	679.2	7.0	2.43	63.02	0.09278563015312132	2.0	0	cluster_1
WV	85.0	408.0	336-5616	0.0	0.0	0.0	225.0	81.0	38.25	176.9	63.0	15.04	194.3	110.0	8.74	7.1	603.3000000000002	2.0	1.92	63.95	0.10600033151002815	3.0	0	cluster_5
TN	130.0	408.0	401-2581	0.0	0.0	0.0	127.0	102.0	21.59	206.9	107.0	17.59	231.7	99.0	10.43	6.1	571.6999999999998	6.0	1.65	51.26	0.08966241035508137	0.0	0	cluster_3
AL	107.0	408.0	332-3804	0.0	0.0	0.0	86.8	95.0	14.76	108.1	85.0	9.19	204.3	87.0	9.19	13.2	412.4	3.0	3.56	36.7	0.08899127061105724	1.0	0	cluster_3
TX	123.0	408.0	416-6594	0.0	0.0	0.0	260.9	85.0	44.35	168.5	103.0	14.32	178.3	91.0	8.02	13.3	621.0	5.0	3.59	70.28	0.11317230273752013	3.0	0	cluster_5
MS	103.0	415.0	412-1470	0.0	0.0	0.0	129.3	103.0	21.98	202.8	89.0	17.24	233.0	126.0	10.49	12.9	578.0	2.0	3.48	53.19	0.09202422145328719	2.0	0	cluster_1
TX	126.0	415.0	386-9711	0.0	0.0	0.0	190.9	143.0	32.45	149.7	72.0	12.72	191.4	87.0	8.61	13.0	545.0	3.0	3.51	57.29	0.10511926605504587	1.0	0	cluster_5
FL	102.0	408.0	395-6913	0.0	1.0	29.0	214.7	86.0	36.5	314.3	109.0	26.72	280.2	110.0	12.61	14.3	823.5	2.0	3.86	79.69	0.09676988463873709	0.0	0	cluster_4
VT	103.0	510.0	390-2805	0.0	0.0	0.0	246.5	47.0	41.91	195.5	84.0	16.62	200.5	96.0	9.02	11.7	654.2	4.0	3.16	70.71	0.10808621216753285	1.0	0	cluster_5
WV	113.0	415.0	341-7686	0.0	0.0	0.0	61.2	111.0	10.4	92.3	88.0	7.85	197.4	114.0	8.88	13.7	364.6	3.0	3.7	30.83	0.08455842018650575	5.0	1	cluster_3
TX	130.0	415.0	396-8400	0.0	0.0	0.0	120.5	127.0	20.49	189.7	52.0	16.12	270.1	107.0	12.15	14.3	594.5999999999998	2.0	3.86	52.62	0.08849646821392536	1.0	0	cluster_1
ND	145.0	415.0	378-1936	0.0	0.0	0.0	245.8	116.0	41.79	286.7	91.0	24.37	240.7	115.0	10.83	9.0	782.2	13.0	2.43	79.42	0.10153413449245717	1.0	1	cluster_6
MN	50.0	415.0	350-8921	0.0	0.0	0.0	157.1	90.0	26.71	223.3	72.0	18.98	181.4	111.0	8.16	6.1	567.9	2.0	1.65	55.49999999999999	0.09772847332276809	1.0	0	cluster_1
VT	131.0	415.0	416-8394	0.0	0.0	0.0	175.1	73.0	29.77	171.9	116.0	14.61	131.1	94.0	5.9	7.3	485.4	6.0	1.97	52.24999999999999	0.107643180881747	1.0	0	cluster_5
GA	86.0	510.0	410-9961	0.0	0.0	0.0	124.1	82.0	21.1	202.6	120.0	17.22	289.6	119.0	13.03	6.7	623.0	8.0	1.81	53.16	0.0853290529695024	3.0	0	cluster_1
NC	103.0	510.0	379-2508	0.0	0.0	0.0	166.6	84.0	28.32	192.4	91.0	16.35	167.9	115.0	7.56	7.7	534.6	6.0	2.08	54.31	0.10158997381219603	1.0	0	cluster_5
MD	107.0	415.0	347-3406	0.0	0.0	0.0	294.9	71.0	50.13	192.8	78.0	16.39	148.1	87.0	6.66	13.2	649.0	5.0	3.56	76.74000000000002	0.11824345146379048	1.0	1	cluster_6
MT	74.0	408.0	339-7541	0.0	0.0	0.0	174.1	96.0	29.6	251.1	94.0	21.34	257.6	123.0	11.59	8.3	691.0999999999998	5.0	2.24	64.77	0.0937201562726089	2.0	1	cluster_1
KY	80.0	415.0	330-3008	0.0	0.0	0.0	220.0	114.0	37.4	207.7	76.0	17.65	168.4	137.0	7.58	12.1	608.2	3.0	3.27	65.89999999999999	0.10835251561986187	2.0	0	cluster_5
IN	36.0	415.0	405-8867	0.0	0.0	0.0	253.4	77.0	43.08	182.4	151.0	15.5	275.8	103.0	12.41	8.4	720.0	2.0	2.27	73.25999999999998	0.10174999999999997	1.0	0	cluster_1
PA	128.0	408.0	353-6038	1.0	0.0	0.0	245.2	112.0	41.68	101.5	101.0	8.63	152.3	116.0	6.85	10.7	509.7	5.0	2.89	60.05	0.11781440062782028	0.0	0	cluster_0
KS	52.0	415.0	413-4831	0.0	0.0	0.0	165.5	78.0	28.14	205.5	89.0	17.47	213.6	124.0	9.61	12.2	596.8000000000002	6.0	3.29	58.51	0.0980395442359249	0.0	0	cluster_1
RI	39.0	408.0	417-9455	0.0	0.0	0.0	93.3	83.0	15.86	199.6	114.0	16.97	206.2	104.0	9.28	6.5	505.6	4.0	1.76	43.87	0.08676819620253164	0.0	0	cluster_3
NY	78.0	510.0	362-2353	0.0	0.0	0.0	152.9	81.0	25.99	256.6	82.0	21.81	173.6	112.0	7.81	5.3	588.4	6.0	1.43	57.04	0.09694085656016316	2.0	0	cluster_1
IL	100.0	415.0	420-6121	0.0	0.0	0.0	191.9	95.0	32.62	200.9	101.0	17.08	271.9	74.0	12.24	18.2	682.9000000000002	3.0	4.91	66.85	0.09789134573143941	1.0	0	cluster_1
MN	173.0	510.0	372-7990	0.0	0.0	0.0	291.8	143.0	49.61	214.3	134.0	18.22	151.2	119.0	6.8	9.9	667.1999999999998	2.0	2.67	77.3	0.11585731414868108	0.0	1	cluster_6
WV	111.0	510.0	412-9997	0.0	0.0	0.0	214.3	118.0	36.43	208.5	76.0	17.72	182.4	98.0	8.21	12.0	617.2	2.0	3.24	65.6	0.10628645495787425	1.0	0	cluster_5
CT	74.0	510.0	380-3186	0.0	0.0	0.0	203.8	77.0	34.65	205.1	111.0	17.43	154.9	109.0	6.97	9.0	572.8	2.0	2.43	61.48	0.10733240223463687	1.0	0	cluster_5
NY	99.0	415.0	386-4581	0.0	0.0	0.0	145.6	102.0	24.75	230.9	87.0	19.63	181.5	86.0	8.17	11.4	569.4	7.0	3.08	55.63	0.09769933263083949	1.0	0	cluster_1
DC	100.0	510.0	403-2455	1.0	0.0	0.0	68.5	110.0	11.65	337.1	115.0	28.65	205.2	99.0	9.23	12.1	622.9	9.0	3.27	52.8	0.08476480976079627	0.0	0	cluster_0
AR	156.0	415.0	388-6223	0.0	0.0	0.0	178.8	94.0	30.4	178.4	97.0	15.16	169.2	77.0	7.61	7.5	533.9000000000002	3.0	2.03	55.2	0.1033901479677842	1.0	0	cluster_5
MN	38.0	510.0	399-5291	0.0	0.0	0.0	175.7	109.0	29.87	211.8	97.0	18.0	137.9	109.0	6.21	9.2	534.6	3.0	2.48	56.56	0.10579872802095024	5.0	1	cluster_5
SC	116.0	408.0	373-6922	0.0	0.0	0.0	288.0	120.0	48.96	255.8	90.0	21.74	233.4	99.0	10.5	13.4	790.5999999999998	4.0	3.62	84.82000000000002	0.10728560586896034	0.0	1	cluster_6
OK	146.0	510.0	377-4975	0.0	0.0	0.0	138.4	104.0	23.53	158.9	122.0	13.51	47.4	73.0	2.13	3.9	348.6	9.0	1.05	40.22	0.11537578886976477	4.0	1	cluster_3
IN	81.0	408.0	347-6717	0.0	1.0	46.0	168.3	124.0	28.61	270.9	103.0	23.03	222.5	98.0	10.01	6.7	668.4000000000002	2.0	1.81	63.46	0.09494314781567921	4.0	0	cluster_4
AR	115.0	415.0	385-7157	0.0	0.0	0.0	139.3	89.0	23.68	192.3	95.0	16.35	151.0	75.0	6.8	9.3	491.9	3.0	2.51	49.34	0.10030494002846108	7.0	1	cluster_3
AZ	109.0	415.0	404-3106	1.0	0.0	0.0	268.4	85.0	45.63	150.6	131.0	12.8	297.9	84.0	13.41	9.7	726.6	8.0	2.62	74.46000000000002	0.10247729149463257	2.0	1	cluster_6
GA	76.0	415.0	372-6497	0.0	0.0	0.0	299.5	125.0	50.92	226.7	92.0	19.27	210.7	134.0	9.48	13.7	750.6000000000001	4.0	3.7	83.37	0.11107114308553157	0.0	1	cluster_6
CA	138.0	510.0	388-6026	1.0	0.0	0.0	196.2	129.0	33.35	176.5	86.0	15.0	232.4	108.0	10.46	15.2	620.3000000000002	1.0	4.1	62.91	0.10141866838626468	0.0	1	cluster_0
TN	105.0	510.0	366-2622	0.0	0.0	0.0	119.3	82.0	20.28	185.1	111.0	15.73	157.0	74.0	7.07	10.9	472.3	4.0	2.94	46.02	0.09743806902392547	2.0	0	cluster_3
TX	38.0	510.0	413-9055	0.0	0.0	0.0	149.0	92.0	25.33	49.2	78.0	4.18	163.3	93.0	7.35	13.9	375.4	11.0	3.75	40.61	0.10817794352690464	0.0	0	cluster_3
FL	108.0	510.0	365-1688	0.0	0.0	0.0	210.7	112.0	35.82	238.7	73.0	20.29	253.6	90.0	11.41	9.2	712.2	5.0	2.48	70.0	0.09828699803426004	3.0	0	cluster_1
ID	138.0	415.0	339-7485	1.0	1.0	17.0	225.2	116.0	38.28	173.4	88.0	14.74	145.8	99.0	6.56	11.7	556.1000000000001	4.0	3.16	62.74000000000001	0.11282143499370616	0.0	0	cluster_0
FL	64.0	408.0	410-7108	0.0	1.0	31.0	228.6	88.0	38.86	248.5	109.0	21.12	167.1	124.0	7.52	9.0	653.2	1.0	2.43	69.93	0.10705756276791183	3.0	0	cluster_4
MO	196.0	415.0	393-2373	0.0	0.0	0.0	234.0	109.0	39.78	249.5	114.0	21.21	173.1	70.0	7.79	9.1	665.7	5.0	2.46	71.24	0.10701517199939911	2.0	0	cluster_5
OK	189.0	415.0	383-2537	0.0	0.0	0.0	208.3	106.0	35.41	236.7	123.0	20.12	179.1	120.0	8.06	11.3	635.4	5.0	3.05	66.64	0.10487881649354738	3.0	0	cluster_5
AR	33.0	415.0	411-8956	1.0	0.0	0.0	164.0	99.0	27.88	153.1	102.0	13.01	123.8	104.0	5.57	6.4	447.3	4.0	1.73	48.19	0.10773530069304717	0.0	0	cluster_0
MT	94.0	510.0	352-5815	0.0	0.0	0.0	163.5	136.0	27.8	143.7	111.0	12.21	253.4	82.0	11.4	12.6	573.2	5.0	3.4	54.81	0.09562107466852757	1.0	0	cluster_3
ND	71.0	510.0	373-8483	0.0	0.0	0.0	238.0	82.0	40.46	278.5	94.0	23.67	193.1	134.0	8.69	11.8	721.4	10.0	3.19	76.00999999999998	0.10536456889381755	0.0	1	cluster_6
IL	70.0	408.0	382-6827	0.0	0.0	0.0	208.7	97.0	35.48	275.5	83.0	23.42	182.5	122.0	8.21	8.0	674.7	3.0	2.16	69.27	0.10266785237883502	2.0	0	cluster_1
VA	118.0	415.0	392-3315	0.0	0.0	0.0	154.6	112.0	26.28	184.2	105.0	15.66	217.4	102.0	9.78	12.6	568.8	5.0	3.4	55.12	0.09690576652601969	2.0	0	cluster_3
NC	125.0	408.0	412-7020	0.0	0.0	0.0	212.3	89.0	36.09	215.4	127.0	18.31	186.8	73.0	8.41	11.3	625.8	2.0	3.05	65.86	0.10524129114733143	2.0	0	cluster_5
NE	105.0	415.0	397-7500	0.0	1.0	27.0	141.2	96.0	24.0	167.7	94.0	14.25	274.4	101.0	12.35	11.4	594.6999999999998	2.0	3.08	53.68	0.09026399865478395	1.0	0	cluster_2
NM	81.0	415.0	402-9304	0.0	0.0	0.0	173.2	80.0	29.44	236.2	94.0	20.08	240.2	84.0	10.81	11.8	661.3999999999999	6.0	3.19	63.52	0.09603870577562748	2.0	0	cluster_1
MT	106.0	510.0	392-6420	0.0	0.0	0.0	169.4	107.0	28.8	197.2	71.0	16.76	202.2	79.0	9.1	10.7	579.5	4.0	2.89	57.55	0.0993097497842968	1.0	0	cluster_1
AK	117.0	415.0	337-8078	0.0	0.0	0.0	181.5	95.0	30.86	205.1	88.0	17.43	204.0	82.0	9.18	14.7	605.3000000000002	9.0	3.97	61.44	0.10150338675037168	2.0	0	cluster_1
MO	101.0	415.0	394-1211	0.0	1.0	29.0	121.1	116.0	20.59	186.4	100.0	15.84	241.7	75.0	10.88	10.1	559.3000000000002	6.0	2.73	50.04	0.08946897908099406	0.0	0	cluster_2
MD	133.0	510.0	373-7974	0.0	0.0	0.0	295.0	141.0	50.15	223.6	101.0	19.01	229.4	109.0	10.32	12.9	760.9	4.0	3.48	82.96	0.10902878170587461	2.0	1	cluster_6
UT	116.0	415.0	380-2929	0.0	1.0	24.0	232.9	90.0	39.59	152.1	94.0	12.93	344.3	82.0	15.49	10.7	740.0	6.0	2.89	70.9	0.09581081081081082	1.0	0	cluster_4
AL	61.0	415.0	399-4094	0.0	1.0	20.0	254.4	133.0	43.25	161.7	96.0	13.74	251.4	91.0	11.31	10.5	678.0	4.0	2.84	71.14	0.10492625368731563	0.0	0	cluster_4
TN	63.0	415.0	374-6217	0.0	0.0	0.0	164.5	75.0	27.97	147.9	118.0	12.57	252.7	97.0	11.37	11.2	576.3	2.0	3.02	54.93	0.09531494013534618	0.0	0	cluster_1
RI	131.0	415.0	360-1776	0.0	0.0	0.0	112.8	133.0	19.18	199.4	116.0	16.95	142.7	105.0	6.42	10.1	465.0	5.0	2.73	45.28	0.09737634408602151	0.0	0	cluster_3
NY	150.0	415.0	421-6268	0.0	1.0	35.0	139.6	72.0	23.73	332.8	170.0	28.29	213.8	105.0	9.62	8.8	695.0	2.0	2.38	64.02	0.09211510791366906	2.0	0	cluster_4
UT	96.0	408.0	410-4023	0.0	1.0	26.0	145.8	108.0	24.79	192.2	89.0	16.34	165.1	96.0	7.43	9.9	513.0	2.0	2.67	51.23	0.0998635477582846	1.0	0	cluster_2
LA	117.0	408.0	335-4719	0.0	0.0	0.0	184.5	97.0	31.37	351.6	80.0	29.89	215.8	90.0	9.71	8.7	760.6000000000001	4.0	2.35	73.32	0.09639758085721796	1.0	0	cluster_1
NY	21.0	415.0	335-2274	0.0	0.0	0.0	244.7	81.0	41.6	168.0	117.0	14.28	281.5	87.0	12.67	6.6	700.8000000000002	1.0	1.78	70.33	0.10035673515981733	1.0	0	cluster_1
NV	81.0	415.0	395-5783	0.0	0.0	0.0	145.4	132.0	24.72	129.3	91.0	10.99	186.4	109.0	8.39	5.2	466.3	4.0	1.4	45.5	0.09757666738151405	1.0	0	cluster_3
VT	101.0	415.0	407-2292	0.0	0.0	0.0	153.8	89.0	26.15	234.0	89.0	19.89	196.3	77.0	8.83	11.6	595.7	2.0	3.13	58.0	0.09736444519053214	4.0	0	cluster_1
ID	73.0	510.0	394-4512	0.0	1.0	28.0	198.2	107.0	33.69	139.1	123.0	11.82	199.1	139.0	8.96	8.8	545.1999999999998	1.0	2.38	56.85	0.10427366104181955	2.0	0	cluster_2
WV	112.0	415.0	380-5286	0.0	0.0	0.0	261.4	108.0	44.44	154.5	102.0	13.13	130.9	90.0	5.89	11.6	558.4	2.0	3.13	66.59	0.11925143266475646	1.0	0	cluster_5
UT	49.0	415.0	394-4520	0.0	0.0	0.0	266.3	90.0	45.27	207.8	117.0	17.66	205.0	98.0	9.23	14.0	693.1	2.0	3.78	75.94000000000003	0.10956571923243402	2.0	1	cluster_6
IL	179.0	408.0	415-5132	0.0	0.0	0.0	234.5	134.0	39.87	164.2	94.0	13.96	191.4	72.0	8.61	6.1	596.2	4.0	1.65	64.09	0.10749748406574974	1.0	0	cluster_5
GA	120.0	408.0	409-6753	0.0	0.0	0.0	98.2	99.0	16.69	186.7	85.0	15.87	146.7	96.0	6.6	9.3	440.9	4.0	2.51	41.67	0.09451122703560899	2.0	0	cluster_3
NJ	122.0	415.0	327-9341	0.0	1.0	34.0	146.4	104.0	24.89	89.7	103.0	7.62	220.0	91.0	9.9	15.6	471.7000000000001	4.0	4.21	46.62	0.09883400466398132	2.0	0	cluster_2
FL	90.0	415.0	353-5257	0.0	1.0	24.0	71.2	82.0	12.1	181.6	103.0	15.44	186.9	111.0	8.41	12.9	452.6	1.0	3.48	39.43	0.08711886875828545	1.0	0	cluster_2
WA	40.0	415.0	352-8305	0.0	1.0	41.0	148.1	74.0	25.18	169.5	88.0	14.41	214.1	102.0	9.63	6.2	537.9000000000002	5.0	1.67	50.89000000000001	0.09460866332031974	2.0	0	cluster_2
WY	64.0	415.0	385-1985	0.0	0.0	0.0	206.2	76.0	35.05	232.4	76.0	19.75	251.6	96.0	11.32	13.6	703.8000000000002	2.0	3.67	69.79	0.09916169366297242	1.0	0	cluster_1
AL	82.0	408.0	406-8037	0.0	0.0	0.0	154.0	107.0	26.18	94.4	114.0	8.02	287.6	95.0	12.94	10.1	546.1	7.0	2.73	49.87	0.09132027101263504	1.0	0	cluster_3
TN	74.0	415.0	400-4344	0.0	1.0	25.0	234.4	113.0	39.85	265.9	82.0	22.6	241.4	77.0	10.86	13.7	755.4	4.0	3.7	77.01	0.10194598888006355	0.0	0	cluster_4
KY	21.0	415.0	412-1991	0.0	0.0	0.0	92.6	95.0	15.74	161.9	70.0	13.76	285.0	78.0	12.83	11.3	550.8	3.0	3.05	45.38	0.08238925199709514	5.0	1	cluster_3
SD	93.0	510.0	408-4836	0.0	0.0	0.0	328.1	106.0	55.78	151.7	89.0	12.89	303.5	114.0	13.66	8.7	792.0	3.0	2.35	84.67999999999998	0.10691919191919189	1.0	1	cluster_6
OH	133.0	408.0	380-4374	0.0	0.0	0.0	117.8	100.0	20.03	199.2	105.0	16.93	244.1	119.0	10.98	11.8	572.9	4.0	3.19	51.13	0.08924768720544599	0.0	1	cluster_3
IN	110.0	415.0	364-9059	0.0	0.0	0.0	151.8	106.0	25.81	138.0	126.0	11.73	233.5	112.0	10.51	11.2	534.5	8.0	3.02	51.07	0.09554724041159962	3.0	0	cluster_3
NM	118.0	510.0	395-4509	0.0	0.0	0.0	205.2	115.0	34.88	184.8	137.0	15.71	176.1	115.0	7.92	7.0	573.1	6.0	1.89	60.40000000000001	0.10539172919211309	0.0	0	cluster_5
WY	146.0	408.0	348-3581	0.0	0.0	0.0	109.0	69.0	18.53	265.8	98.0	22.59	228.3	80.0	10.27	12.6	615.7	2.0	3.4	54.79	0.08898814357641707	1.0	0	cluster_1
ND	90.0	415.0	329-8638	0.0	1.0	22.0	124.5	94.0	21.17	231.7	90.0	19.69	222.2	108.0	10.0	6.4	584.8	12.0	1.73	52.59	0.08992818057455541	1.0	0	cluster_2
NV	69.0	415.0	387-2698	0.0	0.0	0.0	153.7	109.0	26.13	194.0	105.0	16.49	256.1	114.0	11.52	14.1	617.9	6.0	3.81	57.95	0.0937854021686357	1.0	0	cluster_1
WV	124.0	415.0	344-1970	0.0	0.0	0.0	312.0	112.0	53.04	180.0	109.0	15.3	168.6	94.0	7.59	12.8	673.4	4.0	3.46	79.39	0.11789426789426789	1.0	1	cluster_6
NJ	138.0	510.0	400-5751	0.0	0.0	0.0	220.2	89.0	37.43	88.3	125.0	7.51	195.3	79.0	8.79	12.9	516.7	5.0	3.48	57.21	0.11072188891039288	0.0	0	cluster_5
CT	125.0	415.0	409-7523	1.0	0.0	0.0	187.3	118.0	31.84	160.7	111.0	13.66	263.8	112.0	11.87	9.6	621.4	2.0	2.59	59.96	0.09649179272610235	0.0	1	cluster_0
AL	118.0	510.0	391-8027	1.0	0.0	0.0	223.4	98.0	37.98	220.6	101.0	18.75	203.9	118.0	9.18	6.3	654.1999999999998	6.0	1.7	67.61	0.10334760012228679	0.0	0	cluster_0
OK	35.0	510.0	350-2340	0.0	1.0	37.0	181.2	76.0	30.8	177.6	98.0	15.1	228.0	136.0	10.26	5.0	591.8	3.0	1.35	57.51	0.09717810070969923	2.0	0	cluster_2
MT	63.0	415.0	356-7817	0.0	1.0	33.0	184.2	111.0	31.31	312.6	89.0	26.57	264.0	55.0	11.88	12.2	773.0	4.0	3.29	73.05	0.0945019404915912	1.0	0	cluster_4
WA	136.0	408.0	403-5575	0.0	0.0	0.0	152.6	97.0	25.94	208.9	85.0	17.76	119.1	99.0	5.36	5.0	485.6	10.0	1.35	50.41	0.10380971993410212	1.0	0	cluster_5
DC	180.0	415.0	370-4139	0.0	1.0	33.0	231.8	78.0	39.41	232.9	79.0	19.8	206.9	121.0	9.31	7.6	679.2	4.0	2.05	70.57	0.10390164899882212	1.0	0	cluster_4
DE	106.0	415.0	419-3167	0.0	0.0	0.0	128.6	83.0	21.86	134.0	114.0	11.39	210.6	113.0	9.48	11.4	484.6	2.0	3.08	45.81	0.09453157243087082	0.0	0	cluster_3
AR	109.0	510.0	378-4294	0.0	0.0	0.0	153.1	102.0	26.03	234.1	77.0	19.9	329.2	74.0	14.81	9.9	726.3	9.0	2.67	63.41	0.08730552113451742	3.0	0	cluster_1
MD	18.0	408.0	347-7898	0.0	0.0	0.0	273.6	93.0	46.51	114.6	116.0	9.74	250.6	120.0	11.28	8.2	647.0000000000001	4.0	2.21	69.74	0.10778979907264294	1.0	0	cluster_5
OK	88.0	408.0	338-8050	0.0	0.0	0.0	65.4	97.0	11.12	168.2	76.0	14.3	236.0	113.0	10.62	13.8	483.4	1.0	3.73	39.77	0.08227141083988417	2.0	0	cluster_3
NJ	149.0	408.0	332-9891	0.0	0.0	0.0	140.4	94.0	23.87	271.8	92.0	23.1	188.3	108.0	8.47	11.1	611.6	9.0	3.0	58.44	0.09555264879005886	1.0	0	cluster_1
CO	111.0	510.0	377-1479	0.0	1.0	24.0	205.5	114.0	34.94	219.3	99.0	18.64	215.9	95.0	9.72	14.0	654.7	4.0	3.78	67.08	0.10245914159156864	1.0	0	cluster_4
MN	103.0	415.0	386-9141	0.0	0.0	0.0	198.5	112.0	33.75	42.5	90.0	3.61	179.2	124.0	8.06	12.4	432.6	5.0	3.35	48.77	0.11273693943596856	0.0	0	cluster_3
DE	97.0	415.0	390-5267	0.0	1.0	32.0	183.4	94.0	31.18	269.1	120.0	22.87	203.5	38.0	9.16	6.7	662.7	4.0	1.81	65.02	0.09811377697298927	5.0	0	cluster_4
AR	95.0	415.0	328-2982	0.0	0.0	0.0	69.4	79.0	11.8	190.8	109.0	16.22	219.9	102.0	9.9	8.9	489.0	5.0	2.4	40.32	0.08245398773006135	0.0	0	cluster_3
VT	73.0	408.0	417-2035	0.0	0.0	0.0	213.0	95.0	36.21	188.8	104.0	16.05	136.2	89.0	6.13	13.5	551.5	3.0	3.65	62.040000000000006	0.11249320036264733	0.0	0	cluster_5
MI	53.0	510.0	417-3702	0.0	1.0	37.0	167.3	99.0	28.44	194.7	99.0	16.55	236.7	112.0	10.65	12.0	610.7	9.0	3.24	58.88	0.09641395120353692	2.0	0	cluster_4
NH	124.0	415.0	370-5361	0.0	0.0	0.0	254.3	113.0	43.23	78.9	104.0	6.71	153.2	69.0	6.89	11.8	498.2000000000001	2.0	3.19	60.02	0.12047370533922118	2.0	0	cluster_5
SD	125.0	415.0	404-9754	0.0	0.0	0.0	163.8	73.0	27.85	255.6	85.0	21.73	192.9	95.0	8.68	15.7	628.0	4.0	4.24	62.5	0.09952229299363058	0.0	0	cluster_1
MS	126.0	415.0	363-9663	0.0	0.0	0.0	256.5	112.0	43.61	199.5	90.0	16.96	188.3	122.0	8.47	7.0	651.3	5.0	1.89	70.93	0.10890526639029635	3.0	0	cluster_5
ME	100.0	510.0	359-8466	0.0	1.0	30.0	58.8	104.0	10.0	219.5	107.0	18.66	152.3	118.0	6.85	7.1	437.7000000000001	3.0	1.92	37.43	0.08551519305460359	0.0	0	cluster_2
AL	136.0	510.0	352-6732	0.0	0.0	0.0	109.4	91.0	18.6	207.5	111.0	17.64	135.0	107.0	6.08	11.6	463.5	5.0	3.13	45.45	0.09805825242718447	0.0	0	cluster_3
NV	110.0	408.0	389-8163	0.0	1.0	34.0	192.3	114.0	32.69	129.3	114.0	10.99	136.3	102.0	6.13	6.3	464.2000000000001	12.0	1.7	51.51000000000001	0.11096510124946143	1.0	0	cluster_2
IL	156.0	415.0	343-3296	0.0	0.0	0.0	174.5	65.0	29.67	197.4	116.0	16.78	238.5	86.0	10.73	10.6	621.0	2.0	2.86	60.040000000000006	0.096682769726248	0.0	0	cluster_1
CT	107.0	408.0	339-2734	0.0	0.0	0.0	103.4	94.0	17.58	189.3	125.0	16.09	227.2	125.0	10.22	14.4	534.3000000000002	3.0	3.89	47.78	0.08942541643271568	1.0	0	cluster_3
OR	125.0	408.0	379-1336	0.0	1.0	32.0	96.5	109.0	16.41	145.8	109.0	12.39	174.4	82.0	7.85	9.4	426.1	2.0	2.54	39.19	0.09197371509035436	1.0	0	cluster_2
OH	75.0	510.0	370-3021	0.0	1.0	46.0	214.1	62.0	36.4	200.9	111.0	17.08	246.8	126.0	11.11	9.2	671.0	6.0	2.48	67.07000000000001	0.09995529061102833	0.0	0	cluster_4
NV	81.0	415.0	399-9802	0.0	1.0	28.0	167.9	147.0	28.54	190.7	105.0	16.21	193.0	103.0	8.69	9.2	560.8000000000002	6.0	2.48	55.92	0.09971469329529241	4.0	1	cluster_2
NE	129.0	510.0	409-9494	0.0	1.0	30.0	177.3	95.0	30.14	211.8	102.0	18.0	240.2	108.0	10.81	9.3	638.5999999999998	7.0	2.51	61.46	0.0962417788913248	3.0	0	cluster_4
WY	90.0	415.0	359-9992	0.0	0.0	0.0	246.4	83.0	41.89	160.3	88.0	13.63	170.9	99.0	7.69	7.6	585.2	7.0	2.05	65.26	0.11151742993848257	1.0	0	cluster_5
NY	64.0	408.0	422-7728	0.0	0.0	0.0	219.6	126.0	37.33	303.3	100.0	25.78	154.5	65.0	6.95	9.7	687.1	5.0	2.62	72.68	0.10577790714597585	1.0	0	cluster_1
MA	66.0	415.0	416-7393	0.0	0.0	0.0	116.4	98.0	19.79	95.6	74.0	8.13	181.5	94.0	8.17	10.5	404.0	3.0	2.84	38.93000000000001	0.09636138613861388	3.0	0	cluster_3
HI	87.0	408.0	360-2690	0.0	1.0	28.0	151.4	95.0	25.74	152.4	97.0	12.95	250.1	109.0	11.25	0.0	553.9	0.0	0.0	49.94	0.09016067882289222	1.0	0	cluster_2
MO	66.0	415.0	339-9453	0.0	1.0	36.0	106.7	76.0	18.14	209.8	77.0	17.83	190.4	117.0	8.57	12.1	519.0	2.0	3.27	47.81	0.0921194605009634	1.0	0	cluster_2
KS	99.0	415.0	407-1896	0.0	0.0	0.0	191.2	110.0	32.5	163.9	102.0	13.93	243.6	114.0	10.96	14.1	612.8000000000002	3.0	3.81	61.2	0.09986945169712791	1.0	0	cluster_1
MN	124.0	510.0	371-6284	1.0	0.0	0.0	157.8	71.0	26.83	203.2	114.0	17.27	168.7	82.0	7.59	10.0	539.7	2.0	2.7	54.39	0.1007782101167315	3.0	1	cluster_0
MN	62.0	415.0	409-2111	0.0	0.0	0.0	147.1	91.0	25.01	190.4	107.0	16.18	195.2	115.0	8.78	12.2	544.9000000000002	3.0	3.29	53.26	0.09774270508350152	0.0	0	cluster_3
WV	13.0	415.0	334-6142	0.0	0.0	0.0	146.4	74.0	24.89	148.5	92.0	12.62	216.7	96.0	9.75	11.3	522.9	3.0	3.05	50.31	0.09621342512908779	1.0	0	cluster_3
UT	195.0	415.0	355-3620	0.0	0.0	0.0	63.2	108.0	10.74	220.2	88.0	18.72	184.0	99.0	8.28	5.1	472.5	3.0	1.38	39.12000000000001	0.08279365079365082	0.0	0	cluster_3
UT	105.0	415.0	395-7857	0.0	1.0	40.0	236.5	111.0	40.21	117.0	110.0	9.95	221.1	115.0	9.95	8.1	582.7	3.0	2.19	62.3	0.10691608031577139	2.0	0	cluster_2
NH	90.0	415.0	383-2251	0.0	1.0	42.0	193.3	66.0	32.86	263.3	85.0	22.38	214.4	97.0	9.65	11.1	682.1	4.0	3.0	67.89	0.09953086057762792	0.0	0	cluster_4
FL	70.0	510.0	366-6345	1.0	0.0	0.0	226.7	98.0	38.54	228.1	115.0	19.39	73.2	93.0	3.29	17.6	545.6	4.0	4.75	65.97	0.12091275659824047	2.0	1	cluster_0
UT	170.0	415.0	397-6542	0.0	0.0	0.0	285.7	44.0	48.57	167.5	144.0	14.24	260.0	97.0	11.7	8.7	721.9000000000002	4.0	2.35	76.86	0.10646904003324557	1.0	1	cluster_6
NV	3.0	510.0	344-2416	0.0	1.0	27.0	67.4	116.0	11.46	244.0	78.0	20.74	281.1	93.0	12.65	11.4	603.9	2.0	3.08	47.93	0.07936744494121543	2.0	0	cluster_2
ID	109.0	415.0	384-9682	0.0	0.0	0.0	184.1	143.0	31.3	211.7	105.0	17.99	243.0	116.0	10.93	9.9	648.6999999999998	2.0	2.67	62.89	0.09694774163712042	1.0	0	cluster_1
IN	100.0	510.0	367-4277	0.0	0.0	0.0	247.8	117.0	42.13	130.0	95.0	11.05	134.3	125.0	6.04	6.9	519.0	2.0	1.86	61.08000000000001	0.11768786127167633	1.0	0	cluster_5
WY	33.0	415.0	331-3202	0.0	0.0	0.0	213.9	88.0	36.36	239.8	119.0	20.38	148.7	71.0	6.69	9.8	612.2	14.0	2.65	66.08	0.10793858216269192	2.0	0	cluster_5
OR	113.0	415.0	367-5923	0.0	0.0	0.0	159.8	143.0	27.17	210.1	93.0	17.86	175.1	86.0	7.88	13.1	558.1	7.0	3.54	56.45	0.10114674789464254	2.0	0	cluster_5
WI	120.0	408.0	374-8187	0.0	1.0	26.0	239.4	94.0	40.7	259.4	88.0	22.05	238.0	132.0	10.71	7.7	744.5	3.0	2.08	75.54	0.10146406984553392	0.0	0	cluster_4
TX	217.0	408.0	385-7082	0.0	0.0	0.0	176.4	115.0	29.99	158.8	128.0	13.5	306.6	107.0	13.8	9.3	651.1	3.0	2.51	59.79999999999999	0.09184457072646289	4.0	0	cluster_1
NY	104.0	415.0	391-1793	0.0	1.0	26.0	189.1	112.0	32.15	178.2	97.0	15.15	199.3	104.0	8.97	11.1	577.6999999999998	4.0	3.0	59.27	0.10259650337545442	1.0	0	cluster_2
IN	81.0	408.0	363-5947	0.0	0.0	0.0	175.5	67.0	29.84	249.3	85.0	21.19	270.2	98.0	12.16	10.2	705.2	3.0	2.75	65.94	0.09350538854225751	1.0	0	cluster_1
VA	105.0	415.0	344-3145	0.0	0.0	0.0	259.3	96.0	44.08	175.2	97.0	14.89	222.4	36.0	10.01	12.0	668.9	5.0	3.24	72.22	0.10796830617431605	3.0	0	cluster_5
MS	77.0	408.0	356-4001	0.0	0.0	0.0	230.0	87.0	39.1	103.2	138.0	8.77	309.6	136.0	13.93	11.3	654.0999999999998	3.0	3.05	64.85000000000001	0.09914386179483264	2.0	0	cluster_1
IN	189.0	510.0	363-2407	0.0	0.0	0.0	219.9	80.0	37.38	143.3	117.0	12.18	130.6	69.0	5.88	11.7	505.50000000000006	7.0	3.16	58.60000000000001	0.1159248269040554	1.0	0	cluster_5
RI	112.0	415.0	405-7467	0.0	0.0	0.0	168.6	102.0	28.66	298.0	117.0	25.33	194.7	110.0	8.76	9.8	671.0999999999998	5.0	2.65	65.39999999999999	0.0974519445686187	1.0	0	cluster_1
HI	117.0	408.0	416-8827	0.0	0.0	0.0	102.3	100.0	17.39	135.2	104.0	11.49	199.7	93.0	8.99	15.7	452.9	10.0	4.24	42.11000000000001	0.09297858246853612	3.0	0	cluster_3
MI	62.0	415.0	409-8743	0.0	0.0	0.0	98.9	103.0	16.81	135.4	122.0	11.51	236.6	82.0	10.65	12.2	483.1	1.0	3.29	42.26	0.08747671289588076	1.0	0	cluster_3
RI	95.0	510.0	339-4317	0.0	1.0	27.0	129.5	106.0	22.02	248.9	90.0	21.16	268.0	115.0	12.06	11.9	658.3	3.0	3.21	58.45	0.08878930578763483	1.0	0	cluster_4
NY	122.0	415.0	386-6580	0.0	0.0	0.0	141.4	128.0	24.04	146.4	70.0	12.44	123.0	75.0	5.54	8.1	418.9	4.0	2.19	44.21	0.1055383146335641	0.0	0	cluster_3
MS	136.0	415.0	348-7071	0.0	1.0	24.0	174.6	76.0	29.68	176.6	114.0	15.01	214.4	91.0	9.65	8.8	574.4	5.0	2.38	56.72	0.09874651810584958	2.0	0	cluster_2
WI	80.0	415.0	398-5006	0.0	0.0	0.0	239.9	121.0	40.78	142.3	51.0	12.1	364.3	106.0	16.39	9.3	755.8	5.0	2.51	71.78000000000002	0.09497221487165919	1.0	0	cluster_1
MO	103.0	408.0	372-9816	0.0	1.0	24.0	111.8	85.0	19.01	239.6	102.0	20.37	268.3	81.0	12.07	6.9	626.6	4.0	1.86	53.31	0.08507819980849027	1.0	0	cluster_2
RI	129.0	415.0	366-7360	0.0	1.0	33.0	119.6	104.0	20.33	278.7	88.0	23.69	263.4	175.0	11.85	5.9	667.5999999999998	2.0	1.59	57.46	0.0860695026962253	2.0	0	cluster_4
VA	84.0	415.0	372-1534	0.0	0.0	0.0	130.2	105.0	22.13	278.0	60.0	23.63	305.4	74.0	13.74	14.0	727.5999999999998	6.0	3.78	63.28	0.08697086311159981	2.0	0	cluster_1
KS	87.0	510.0	343-3961	0.0	0.0	0.0	115.4	90.0	19.62	262.6	68.0	22.32	245.7	69.0	11.06	13.1	636.8000000000002	5.0	3.54	56.54	0.08878768844221104	2.0	0	cluster_1
AZ	86.0	408.0	405-1842	0.0	1.0	31.0	167.6	139.0	28.49	113.0	118.0	9.61	246.9	121.0	11.11	12.2	539.7	6.0	3.29	52.49999999999999	0.09727626459143966	1.0	0	cluster_2
NV	90.0	415.0	399-4246	0.0	0.0	0.0	203.4	146.0	34.58	226.7	117.0	19.27	152.4	105.0	6.86	7.3	589.8	4.0	1.97	62.67999999999999	0.10627331298745336	1.0	0	cluster_5
DC	41.0	408.0	329-6191	0.0	1.0	37.0	239.8	110.0	40.77	221.9	115.0	18.86	189.1	100.0	8.51	7.3	658.1	1.0	1.97	70.11	0.10653396140404194	2.0	0	cluster_4
OR	157.0	510.0	334-1311	0.0	1.0	30.0	194.3	107.0	33.03	243.2	108.0	20.67	322.2	114.0	14.5	7.1	766.8000000000002	5.0	1.92	70.12	0.0914449660928534	1.0	0	cluster_4
MD	98.0	415.0	338-6283	0.0	0.0	0.0	206.5	92.0	35.11	176.2	152.0	14.98	232.8	115.0	10.48	12.4	627.9	5.0	3.35	63.92000000000001	0.1017996496257366	5.0	0	cluster_1
WI	90.0	408.0	400-5831	0.0	0.0	0.0	61.3	91.0	10.42	194.4	94.0	16.52	143.1	80.0	6.44	11.4	410.19999999999993	9.0	3.08	36.46	0.08888347147732815	1.0	0	cluster_3
IL	55.0	415.0	398-5970	1.0	0.0	0.0	269.6	121.0	45.83	171.7	91.0	14.59	219.0	98.0	9.86	8.2	668.5	6.0	2.21	72.49	0.10843679880329095	1.0	0	cluster_0
OK	146.0	415.0	335-4584	0.0	0.0	0.0	206.3	151.0	35.07	148.6	89.0	12.63	167.2	91.0	7.52	6.1	528.1999999999998	3.0	1.65	56.87	0.10766755017039004	1.0	0	cluster_5
RI	127.0	415.0	400-1280	0.0	1.0	27.0	140.1	59.0	23.82	223.4	111.0	18.99	257.9	73.0	11.61	3.8	625.1999999999998	10.0	1.03	55.45	0.08869161868202179	1.0	0	cluster_2
AZ	138.0	415.0	332-3381	0.0	0.0	0.0	87.6	112.0	14.89	266.9	107.0	22.69	214.6	104.0	9.66	9.8	578.9	10.0	2.65	49.88999999999999	0.08618068751079633	2.0	0	cluster_3
DE	122.0	510.0	332-5521	0.0	0.0	0.0	157.1	134.0	26.71	184.9	122.0	15.72	197.2	59.0	8.87	8.5	547.7	5.0	2.3	53.6	0.0978637940478364	4.0	1	cluster_3
OK	160.0	408.0	350-4820	0.0	0.0	0.0	166.4	117.0	28.29	317.0	129.0	26.95	160.4	121.0	7.22	10.0	653.8	2.0	2.7	65.16	0.09966350565922301	1.0	0	cluster_1
AR	74.0	510.0	329-9046	0.0	0.0	0.0	148.5	111.0	25.25	146.5	42.0	12.45	289.2	83.0	13.01	9.9	594.1	6.0	2.67	53.38	0.08985019357010604	3.0	0	cluster_1
SD	128.0	408.0	372-8048	0.0	1.0	34.0	142.3	73.0	24.19	194.8	79.0	16.56	239.3	81.0	10.77	16.0	592.4000000000002	6.0	4.32	55.84	0.09426063470627952	1.0	0	cluster_2
WY	90.0	415.0	416-2825	0.0	0.0	0.0	207.2	121.0	35.22	292.5	104.0	24.86	226.3	103.0	10.18	8.0	734.0	1.0	2.16	72.41999999999999	0.09866485013623977	2.0	0	cluster_1
ND	84.0	415.0	400-7253	0.0	1.0	33.0	159.1	106.0	27.05	149.8	101.0	12.73	213.4	108.0	9.6	13.0	535.3	18.0	3.51	52.89	0.09880440874276107	1.0	0	cluster_2
MS	122.0	408.0	402-8930	0.0	1.0	45.0	147.8	85.0	25.13	147.4	93.0	12.53	203.5	110.0	9.16	14.0	512.7	5.0	3.78	50.6	0.09869319290033157	1.0	0	cluster_2
VT	101.0	510.0	413-7655	0.0	0.0	0.0	0.0	0.0	0.0	192.1	119.0	16.33	168.8	95.0	7.6	7.2	368.1	4.0	1.94	25.87	0.07027981526759032	1.0	0	cluster_3
WV	145.0	408.0	346-4919	0.0	1.0	31.0	216.0	94.0	36.72	225.1	123.0	19.13	234.7	109.0	10.56	10.7	686.5	1.0	2.89	69.3	0.10094683175528041	2.0	0	cluster_4
MI	93.0	415.0	366-7247	1.0	0.0	0.0	216.9	61.0	36.87	207.4	120.0	17.63	221.7	110.0	9.98	17.5	663.5	5.0	4.73	69.21000000000001	0.10431047475508667	1.0	1	cluster_0
WY	157.0	415.0	348-9938	1.0	0.0	0.0	180.4	123.0	30.67	194.0	98.0	16.49	227.3	88.0	10.23	8.4	610.1	5.0	2.27	59.66	0.09778724799213243	0.0	0	cluster_0
AK	126.0	415.0	333-5295	0.0	1.0	31.0	278.0	88.0	47.26	253.2	65.0	21.52	223.2	114.0	10.04	8.7	763.1000000000001	4.0	2.35	81.16999999999999	0.10636875900930412	0.0	0	cluster_4
NE	92.0	415.0	386-2759	0.0	0.0	0.0	181.4	98.0	30.84	164.5	98.0	13.98	171.0	110.0	7.69	10.9	527.8	4.0	2.94	55.45	0.10505873436907921	2.0	0	cluster_5
MA	142.0	408.0	343-1009	0.0	0.0	0.0	216.8	134.0	36.86	187.8	106.0	15.96	138.1	108.0	6.21	8.3	551.0	2.0	2.24	61.27	0.1111978221415608	0.0	0	cluster_5
NC	112.0	415.0	334-1872	0.0	0.0	0.0	193.3	96.0	32.86	264.1	123.0	22.45	128.6	115.0	5.79	9.1	595.1	3.0	2.46	63.56	0.10680557889430348	4.0	0	cluster_5
VA	92.0	510.0	411-2958	1.0	0.0	0.0	252.3	120.0	42.89	207.0	112.0	17.6	284.6	95.0	12.81	12.0	755.9000000000002	5.0	3.24	76.53999999999998	0.1012567799973541	3.0	1	cluster_6
WI	102.0	408.0	360-7839	0.0	0.0	0.0	200.6	106.0	34.1	152.5	127.0	12.96	199.4	128.0	8.97	7.7	560.2	2.0	2.08	58.11	0.10373081042484826	3.0	0	cluster_5
VA	80.0	415.0	383-9355	0.0	0.0	0.0	197.5	114.0	33.58	206.9	119.0	17.59	163.6	109.0	7.36	11.3	579.3	4.0	3.05	61.58	0.10630070775073365	1.0	0	cluster_5
OH	169.0	408.0	401-5169	0.0	0.0	0.0	147.2	115.0	25.02	161.9	123.0	13.76	142.1	103.0	6.39	7.2	458.4	6.0	1.94	47.11	0.10277050610820244	3.0	0	cluster_3
SC	41.0	510.0	353-2391	0.0	0.0	0.0	207.2	138.0	35.22	214.1	83.0	18.2	193.0	105.0	8.69	11.9	626.1999999999998	4.0	3.21	65.32	0.10431172149473014	1.0	0	cluster_1
CT	152.0	408.0	354-7077	0.0	1.0	20.0	239.1	105.0	40.65	209.1	111.0	17.77	268.2	130.0	12.07	13.3	729.6999999999998	3.0	3.59	74.08000000000001	0.10152117308482943	5.0	0	cluster_4
KS	67.0	408.0	383-1431	0.0	0.0	0.0	201.4	101.0	34.24	97.6	122.0	8.3	202.5	119.0	9.11	7.0	508.5	3.0	1.89	53.540000000000006	0.10529006882989185	0.0	0	cluster_5
WA	51.0	408.0	338-6981	0.0	0.0	0.0	232.4	109.0	39.51	187.4	95.0	15.93	231.2	107.0	10.4	9.1	660.1	3.0	2.46	68.3	0.10346917133767611	1.0	0	cluster_1
WY	139.0	415.0	337-7501	0.0	0.0	0.0	192.8	104.0	32.78	234.4	96.0	19.92	203.2	101.0	9.14	13.0	643.4000000000002	3.0	3.51	65.35000000000001	0.10156978551445445	3.0	0	cluster_1
NY	112.0	408.0	396-7687	0.0	1.0	30.0	60.6	113.0	10.3	165.9	96.0	14.1	132.8	99.0	5.98	13.3	372.6	7.0	3.59	33.97	0.09117015566290927	0.0	0	cluster_2
MD	116.0	408.0	405-2276	0.0	0.0	0.0	159.4	79.0	27.1	179.5	88.0	15.26	167.8	71.0	7.55	9.7	516.4	2.0	2.62	52.53	0.10172347017815647	6.0	1	cluster_3
AZ	113.0	510.0	403-9719	0.0	0.0	0.0	128.7	100.0	21.88	227.1	67.0	19.3	178.1	135.0	8.01	9.2	543.1	4.0	2.48	51.67	0.09513901675566194	2.0	1	cluster_3
MS	107.0	510.0	352-6282	0.0	1.0	30.0	198.9	87.0	33.81	207.0	90.0	17.6	159.8	76.0	7.19	12.6	578.3000000000002	4.0	3.4	62.0	0.10721079024727646	3.0	0	cluster_4
MO	85.0	510.0	383-6095	0.0	0.0	0.0	165.8	96.0	28.19	190.0	141.0	16.15	144.0	116.0	6.48	10.9	510.7	3.0	2.94	53.76000000000001	0.10526728020364208	5.0	1	cluster_3
CT	93.0	415.0	404-4809	0.0	0.0	0.0	271.1	101.0	46.09	237.4	133.0	20.18	145.4	103.0	6.54	8.4	662.3	6.0	2.27	75.08000000000001	0.11336252453570891	1.0	1	cluster_6
TX	119.0	510.0	361-2349	0.0	0.0	0.0	81.9	75.0	13.92	253.8	114.0	21.57	213.1	125.0	9.59	8.9	557.7	1.0	2.4	47.48	0.08513537744306973	2.0	1	cluster_3
OK	177.0	408.0	333-9133	0.0	0.0	0.0	175.4	99.0	29.82	155.3	83.0	13.2	179.4	86.0	8.07	11.5	521.6	3.0	3.11	54.2	0.10391104294478527	1.0	0	cluster_5
LA	179.0	408.0	415-2393	0.0	0.0	0.0	219.2	92.0	37.26	149.4	125.0	12.7	244.7	104.0	11.01	6.1	619.4	5.0	1.65	62.61999999999999	0.10109783661608007	0.0	0	cluster_1
NM	174.0	415.0	340-5580	0.0	0.0	0.0	239.2	72.0	40.66	188.5	124.0	16.02	105.6	116.0	4.75	8.8	542.0999999999998	3.0	2.38	63.81	0.11770890979524078	1.0	0	cluster_5
SC	1.0	408.0	336-1043	0.0	0.0	0.0	123.8	113.0	21.05	236.2	77.0	20.08	73.2	81.0	3.29	3.7	436.9	2.0	1.0	45.42	0.10395971618219273	0.0	0	cluster_3
NV	93.0	408.0	335-3880	0.0	0.0	0.0	114.3	100.0	19.43	221.1	103.0	18.79	126.3	88.0	5.68	10.9	472.6	9.0	2.94	46.84	0.09911129919593736	0.0	0	cluster_3
AR	68.0	510.0	376-1000	0.0	0.0	0.0	172.7	95.0	29.36	139.1	90.0	11.82	174.3	99.0	7.84	11.7	497.8	1.0	3.16	52.17999999999999	0.10482121333869023	2.0	0	cluster_3
NE	64.0	510.0	415-2949	0.0	0.0	0.0	219.2	73.0	37.26	167.0	65.0	14.2	161.4	119.0	7.26	10.0	557.6	5.0	2.7	61.42	0.1101506456241033	1.0	0	cluster_5
DE	71.0	415.0	362-7318	0.0	0.0	0.0	197.9	108.0	33.64	181.5	109.0	15.43	281.4	56.0	12.66	6.7	667.5	5.0	1.81	63.540000000000006	0.09519101123595507	3.0	0	cluster_1
KY	43.0	408.0	417-6683	0.0	0.0	0.0	177.2	93.0	30.12	142.6	60.0	12.12	314.1	144.0	14.13	12.7	646.6	2.0	3.43	59.8	0.09248376121249613	4.0	0	cluster_1
AZ	144.0	510.0	346-7795	1.0	0.0	0.0	203.5	100.0	34.6	247.6	103.0	21.05	194.3	94.0	8.74	11.9	657.3000000000002	11.0	3.21	67.6	0.10284497185455649	0.0	0	cluster_0
WV	102.0	408.0	365-8831	0.0	0.0	0.0	234.8	125.0	39.92	199.2	99.0	16.93	163.2	88.0	7.34	10.0	607.2	1.0	2.7	66.89	0.11016139657444005	4.0	0	cluster_5
MT	100.0	415.0	385-7148	0.0	0.0	0.0	96.5	86.0	16.41	210.2	133.0	17.87	146.4	106.0	6.59	12.5	465.6	3.0	3.38	44.25000000000001	0.09503865979381444	1.0	1	cluster_3
KS	137.0	415.0	329-4474	0.0	1.0	19.0	175.3	96.0	29.8	241.3	146.0	20.51	211.4	109.0	9.51	7.8	635.8	2.0	2.11	61.93	0.09740484429065745	0.0	0	cluster_4
SC	87.0	415.0	360-5779	0.0	0.0	0.0	136.3	97.0	23.17	172.2	108.0	14.64	137.5	101.0	6.19	7.1	453.1	5.0	1.92	45.92	0.10134628117413375	0.0	0	cluster_3
AK	99.0	510.0	401-7334	0.0	0.0	0.0	238.4	96.0	40.53	246.5	130.0	20.95	198.4	117.0	8.93	12.4	695.6999999999998	4.0	3.35	73.75999999999998	0.10602271093862296	3.0	0	cluster_1
NY	31.0	408.0	401-7335	0.0	1.0	28.0	171.8	116.0	29.21	240.7	125.0	20.46	245.5	80.0	11.05	10.6	668.6	7.0	2.86	63.58	0.0950942267424469	1.0	0	cluster_4
AL	121.0	408.0	331-8909	0.0	1.0	35.0	68.7	95.0	11.68	209.2	69.0	17.78	197.4	42.0	8.88	11.4	486.69999999999993	4.0	3.08	41.42	0.08510376001643724	1.0	0	cluster_2
NY	120.0	510.0	405-5083	0.0	1.0	27.0	128.5	115.0	21.85	163.7	91.0	13.91	242.9	121.0	10.93	0.0	535.1	0.0	0.0	46.69000000000001	0.08725471874415999	1.0	0	cluster_2
ND	101.0	415.0	395-1380	0.0	0.0	0.0	217.7	118.0	37.01	231.7	128.0	19.69	185.3	128.0	8.34	0.0	634.7	0.0	0.0	65.04	0.10247360957932881	3.0	0	cluster_5
TX	133.0	408.0	401-4007	0.0	0.0	0.0	221.1	133.0	37.59	160.2	140.0	13.62	161.8	84.0	7.28	8.4	551.4999999999999	3.0	2.27	60.76000000000001	0.11017225747960113	4.0	0	cluster_5
NH	35.0	408.0	393-8762	0.0	0.0	0.0	138.1	115.0	23.48	158.2	82.0	13.45	215.7	118.0	9.71	10.3	522.3	2.0	2.78	49.42	0.09461995022017998	5.0	1	cluster_3
GA	58.0	510.0	328-5050	0.0	0.0	0.0	243.1	105.0	41.33	231.4	108.0	19.67	180.9	120.0	8.14	7.8	663.1999999999998	4.0	2.11	71.25	0.10743365500603139	2.0	0	cluster_5
MD	204.0	510.0	401-3077	0.0	0.0	0.0	205.2	145.0	34.88	154.8	95.0	13.16	191.4	77.0	8.61	14.1	565.5	5.0	3.81	60.46000000000001	0.10691423519009727	3.0	0	cluster_5
AL	60.0	408.0	411-7778	1.0	1.0	29.0	265.9	113.0	45.2	215.8	94.0	18.34	108.1	82.0	4.86	14.0	603.8	12.0	3.78	72.18	0.11954289499834385	0.0	1	cluster_0
PA	122.0	415.0	383-4061	1.0	0.0	0.0	230.9	132.0	39.25	243.2	99.0	20.67	182.4	57.0	8.21	11.0	667.5	2.0	2.97	71.1	0.10651685393258425	0.0	1	cluster_0
HI	70.0	415.0	339-8132	0.0	0.0	0.0	197.3	91.0	33.54	305.8	81.0	25.99	171.0	105.0	7.69	6.7	680.8000000000002	6.0	1.81	69.03	0.1013954171562867	1.0	0	cluster_1
RI	125.0	408.0	410-3159	0.0	0.0	0.0	113.0	108.0	19.21	169.2	107.0	14.38	156.6	61.0	7.05	9.2	448.0	5.0	2.48	43.12	0.09624999999999999	2.0	1	cluster_3
NH	103.0	408.0	371-1727	0.0	0.0	0.0	150.6	125.0	25.6	169.1	126.0	14.37	221.2	104.0	9.95	10.4	551.3	8.0	2.81	52.73	0.09564665336477417	8.0	1	cluster_3
ID	151.0	415.0	413-3177	0.0	0.0	0.0	194.8	106.0	33.12	292.7	103.0	24.88	224.6	82.0	10.11	5.5	717.6	3.0	1.49	69.6	0.09698996655518394	0.0	0	cluster_1
OH	94.0	415.0	393-5208	0.0	0.0	0.0	181.3	135.0	30.82	182.4	108.0	15.5	180.6	103.0	8.13	6.7	551.0000000000001	2.0	1.81	56.26000000000001	0.10210526315789474	0.0	0	cluster_5
HI	115.0	415.0	336-6128	0.0	1.0	33.0	145.0	72.0	24.65	194.5	157.0	16.53	242.3	138.0	10.9	14.2	596.0	3.0	3.83	55.91	0.09380872483221477	2.0	0	cluster_2
AL	119.0	415.0	404-8765	0.0	0.0	0.0	98.8	97.0	16.8	146.9	68.0	12.49	190.7	105.0	8.58	10.0	446.4	4.0	2.7	40.57	0.0908826164874552	3.0	0	cluster_3
OH	39.0	415.0	421-9752	0.0	1.0	36.0	141.7	121.0	24.09	232.3	113.0	19.75	222.1	131.0	9.99	12.0	608.1	5.0	3.24	57.07000000000001	0.09384969577372143	1.0	0	cluster_2
DE	136.0	408.0	351-1389	1.0	1.0	29.0	85.2	98.0	14.48	230.4	85.0	19.58	243.6	104.0	10.96	9.0	568.2	3.0	2.43	47.45	0.08350932770151355	2.0	0	cluster_0
ID	31.0	415.0	389-5649	0.0	0.0	0.0	177.3	129.0	30.14	152.8	105.0	12.99	162.9	92.0	7.33	5.1	498.1	2.0	1.38	51.84	0.10407548685003011	0.0	0	cluster_5
MS	59.0	408.0	415-9553	0.0	1.0	27.0	127.4	110.0	21.66	103.3	99.0	8.78	164.2	73.0	7.39	9.1	404.0	3.0	2.46	40.29	0.09972772277227722	0.0	0	cluster_2
MT	184.0	415.0	417-4810	0.0	0.0	0.0	236.4	73.0	40.19	287.3	120.0	24.42	192.0	94.0	8.64	13.8	729.5	4.0	3.73	76.98	0.10552433173406443	1.0	1	cluster_6
WY	124.0	415.0	422-8344	0.0	0.0	0.0	178.3	102.0	30.31	235.0	120.0	19.98	239.7	119.0	10.79	10.9	663.9	1.0	2.94	64.02	0.09643018526886579	3.0	0	cluster_1
AL	146.0	415.0	358-1129	0.0	1.0	32.0	154.0	80.0	26.18	185.5	91.0	15.77	148.2	107.0	6.67	8.2	495.9	4.0	2.21	50.83000000000001	0.102500504133898	3.0	0	cluster_2
ID	148.0	510.0	421-1469	0.0	1.0	14.0	93.6	137.0	15.91	193.8	72.0	16.47	144.9	84.0	6.52	17.5	449.8	5.0	4.73	43.63	0.09699866607381058	1.0	0	cluster_2
OK	125.0	408.0	355-7251	0.0	0.0	0.0	229.3	103.0	38.98	177.4	126.0	15.08	189.3	95.0	8.52	12.0	608.0	8.0	3.24	65.82	0.10825657894736841	1.0	0	cluster_5
ME	108.0	510.0	402-9558	0.0	0.0	0.0	246.2	102.0	41.85	202.4	134.0	17.2	180.1	95.0	8.1	9.4	638.1	5.0	2.54	69.69	0.10921485660554771	1.0	0	cluster_5
MI	134.0	415.0	369-9772	0.0	1.0	41.0	162.0	82.0	27.54	324.7	77.0	27.6	160.1	112.0	7.2	11.9	658.6999999999998	5.0	3.21	65.55	0.09951419462577807	0.0	0	cluster_4
AZ	130.0	415.0	358-1958	0.0	0.0	0.0	183.0	112.0	31.11	72.9	99.0	6.2	181.8	78.0	8.18	9.5	447.2000000000001	19.0	2.57	48.06	0.10746869409660105	0.0	0	cluster_3
IL	71.0	415.0	397-8051	0.0	0.0	0.0	207.0	112.0	35.19	173.8	96.0	14.77	178.4	61.0	8.03	12.1	571.3000000000002	3.0	3.27	61.26	0.1072291265534745	1.0	0	cluster_5
RI	115.0	408.0	360-3525	0.0	0.0	0.0	147.9	109.0	25.14	228.4	117.0	19.41	299.7	90.0	13.49	9.6	685.6	9.0	2.59	60.63	0.08843348891481914	3.0	0	cluster_1
NY	181.0	408.0	340-9200	0.0	0.0	0.0	143.3	91.0	24.36	195.5	58.0	16.62	223.3	95.0	10.05	6.0	568.1	7.0	1.62	52.65	0.09267734553775743	1.0	0	cluster_3
ID	92.0	415.0	333-4594	0.0	1.0	29.0	201.3	130.0	34.22	203.7	115.0	17.31	129.9	113.0	5.85	6.4	541.3	6.0	1.73	59.11	0.10920007389617588	1.0	1	cluster_2
SD	95.0	408.0	406-4840	0.0	1.0	20.0	165.7	78.0	28.17	215.6	94.0	18.33	243.3	91.0	10.95	9.8	634.3999999999999	6.0	2.65	60.1	0.09473518284993697	0.0	0	cluster_4
KY	55.0	415.0	345-4551	0.0	1.0	28.0	105.3	82.0	17.9	197.4	109.0	16.78	187.5	91.0	8.44	8.6	498.8	6.0	2.32	45.44	0.09109863672814755	2.0	0	cluster_2
DC	68.0	415.0	398-2138	1.0	1.0	39.0	142.0	140.0	24.14	241.6	89.0	20.54	302.0	72.0	13.59	11.3	696.9	5.0	3.05	61.31999999999999	0.08798966853207059	1.0	0	cluster_4
NE	149.0	415.0	369-5942	0.0	0.0	0.0	156.0	56.0	26.52	56.0	116.0	4.76	163.3	104.0	7.35	8.9	384.2	8.0	2.4	41.03	0.10679333680374806	0.0	0	cluster_3
AZ	94.0	415.0	366-9015	0.0	0.0	0.0	220.8	111.0	37.54	156.2	67.0	13.28	187.9	89.0	8.46	10.5	575.4	4.0	2.84	62.12000000000001	0.10795968022245397	2.0	0	cluster_5
WI	129.0	415.0	333-8954	0.0	1.0	37.0	205.0	94.0	34.85	165.4	103.0	14.06	185.0	81.0	8.32	11.7	567.1	8.0	3.16	60.39	0.10648915535178981	1.0	0	cluster_2
VA	123.0	408.0	386-7976	0.0	0.0	0.0	154.3	107.0	26.23	183.0	111.0	15.56	54.0	134.0	2.43	10.9	402.2	8.0	2.94	47.16	0.11725509696668324	0.0	0	cluster_5
KY	108.0	408.0	376-4665	0.0	0.0	0.0	73.8	105.0	12.55	143.4	114.0	12.19	170.2	98.0	7.66	10.9	398.3	3.0	2.94	35.34	0.08872709013306554	2.0	0	cluster_3
MD	147.0	408.0	376-4292	0.0	0.0	0.0	274.0	92.0	46.58	231.8	82.0	19.7	283.6	83.0	12.76	6.2	795.6000000000001	1.0	1.67	80.71000000000002	0.10144544997486175	0.0	1	cluster_6
IL	91.0	415.0	373-4483	0.0	0.0	0.0	189.3	100.0	32.18	239.3	107.0	20.34	89.7	89.0	4.04	9.9	528.2	3.0	2.67	59.23	0.11213555471412343	3.0	0	cluster_5
FL	120.0	415.0	380-7321	0.0	0.0	0.0	180.0	80.0	30.6	224.2	82.0	19.06	265.4	91.0	11.94	4.7	674.3	7.0	1.27	62.87	0.09323743141035148	3.0	0	cluster_1
WY	78.0	408.0	384-3902	0.0	0.0	0.0	220.0	95.0	37.4	179.9	121.0	15.29	188.2	109.0	8.47	11.5	599.5999999999998	5.0	3.11	64.27	0.10718812541694465	0.0	0	cluster_5
SD	148.0	408.0	388-4571	0.0	0.0	0.0	185.2	87.0	31.48	170.4	96.0	14.48	165.1	104.0	7.43	9.5	530.2	13.0	2.57	55.96	0.10554507732930969	1.0	0	cluster_5
GA	133.0	510.0	393-3194	0.0	0.0	0.0	227.4	90.0	38.66	73.2	135.0	6.22	114.3	99.0	5.14	4.7	419.6	7.0	1.27	51.29	0.12223546234509056	0.0	0	cluster_5
KS	43.0	415.0	381-9367	0.0	0.0	0.0	27.0	117.0	4.59	160.9	97.0	13.68	279.5	96.0	12.58	10.7	478.1	3.0	2.89	33.74	0.0705710102489019	3.0	0	cluster_3
LA	121.0	408.0	390-8760	0.0	0.0	0.0	181.5	121.0	30.86	218.4	98.0	18.56	161.6	103.0	7.27	8.5	570.0	5.0	2.3	58.99	0.10349122807017544	1.0	0	cluster_5
TN	80.0	415.0	351-7309	1.0	0.0	0.0	276.5	122.0	47.01	195.6	79.0	16.63	210.3	78.0	9.46	7.2	689.6000000000001	3.0	1.94	75.03999999999998	0.10881670533642686	1.0	1	cluster_6
MI	108.0	408.0	341-9890	1.0	0.0	0.0	115.1	114.0	19.57	211.3	70.0	17.96	136.1	85.0	6.12	13.8	476.3	3.0	3.73	47.38	0.09947512072223388	2.0	1	cluster_0
AL	112.0	510.0	339-5659	0.0	0.0	0.0	189.4	83.0	32.2	219.0	89.0	18.62	168.0	116.0	7.56	7.1	583.5	8.0	1.92	60.30000000000001	0.1033419023136247	3.0	0	cluster_5
CT	199.0	415.0	393-6733	0.0	1.0	34.0	230.6	121.0	39.2	219.4	99.0	18.65	299.3	94.0	13.47	8.0	757.3	2.0	2.16	73.48	0.0970289185263436	0.0	0	cluster_4
OR	129.0	408.0	382-1104	0.0	0.0	0.0	98.0	99.0	16.66	240.7	62.0	20.46	254.8	123.0	11.47	10.5	604.0	4.0	2.84	51.43000000000001	0.08514900662251657	0.0	0	cluster_1
VT	116.0	415.0	408-4911	0.0	0.0	0.0	129.4	84.0	22.0	157.3	89.0	13.37	215.5	77.0	9.7	13.3	515.5	3.0	3.59	48.66	0.09439379243452958	0.0	0	cluster_3
OH	146.0	408.0	391-8554	0.0	1.0	31.0	202.5	91.0	34.43	241.4	108.0	20.52	169.6	77.0	7.63	7.8	621.3	2.0	2.11	64.69000000000001	0.10412039272493162	1.0	0	cluster_4
WV	93.0	415.0	384-5343	0.0	0.0	0.0	141.7	95.0	24.09	221.0	100.0	18.79	227.1	71.0	10.22	10.2	600.0	3.0	2.75	55.85	0.09308333333333334	0.0	0	cluster_1
AR	109.0	510.0	374-5530	0.0	0.0	0.0	175.4	125.0	29.82	250.7	87.0	21.31	289.3	74.0	13.02	9.8	725.2	9.0	2.65	66.8	0.09211252068394925	1.0	0	cluster_1
NY	94.0	415.0	363-1123	0.0	0.0	0.0	190.4	91.0	32.37	92.0	107.0	7.82	224.8	108.0	10.12	13.6	520.8	17.0	3.67	53.98	0.10364823348694317	2.0	0	cluster_3
MA	96.0	415.0	359-9369	0.0	0.0	0.0	173.9	111.0	29.56	287.4	105.0	24.43	204.8	91.0	9.22	9.1	675.1999999999998	7.0	2.46	65.66999999999999	0.0972600710900474	1.0	0	cluster_1
KY	135.0	510.0	414-2663	0.0	0.0	0.0	144.1	115.0	24.5	249.8	68.0	21.23	211.4	82.0	9.51	13.6	618.9	3.0	3.67	58.91	0.0951850056551947	1.0	0	cluster_1
OH	125.0	408.0	411-5748	0.0	0.0	0.0	106.1	95.0	18.04	157.6	113.0	13.4	192.5	69.0	8.66	8.1	464.3	3.0	2.19	42.28999999999999	0.09108335128149901	1.0	0	cluster_3
DE	90.0	415.0	354-9068	0.0	0.0	0.0	198.5	124.0	33.75	266.6	100.0	22.66	243.3	80.0	10.95	8.0	716.4000000000002	7.0	2.16	69.52	0.09704075935231711	2.0	0	cluster_1
DE	64.0	415.0	402-3599	0.0	1.0	27.0	201.3	101.0	34.22	143.8	89.0	12.22	150.2	127.0	6.76	12.3	507.6	3.0	3.32	56.52	0.11134751773049646	1.0	0	cluster_2
CT	144.0	510.0	416-9021	1.0	1.0	35.0	174.8	127.0	29.72	219.6	93.0	18.67	255.8	90.0	11.51	12.8	663.0	3.0	3.46	63.36	0.0955656108597285	0.0	0	cluster_0
CO	130.0	408.0	349-3005	0.0	0.0	0.0	271.8	129.0	46.21	237.2	128.0	20.16	210.1	91.0	9.45	8.7	727.8000000000002	2.0	2.35	78.17	0.10740588073646604	4.0	1	cluster_6
OK	155.0	415.0	328-1206	0.0	1.0	23.0	243.9	112.0	41.46	133.0	106.0	11.31	213.7	123.0	9.62	13.4	603.9999999999999	11.0	3.62	66.01	0.10928807947019871	2.0	0	cluster_4
KS	93.0	415.0	418-3135	0.0	0.0	0.0	266.0	120.0	45.22	130.1	84.0	11.06	165.8	63.0	7.46	13.1	575.0000000000001	6.0	3.54	67.28	0.1170086956521739	3.0	0	cluster_5
CA	113.0	415.0	370-2892	0.0	0.0	0.0	187.6	97.0	31.89	208.2	118.0	17.7	158.9	101.0	7.15	8.7	563.4	6.0	2.35	59.09	0.10488107916222933	2.0	0	cluster_5
CA	120.0	510.0	339-7602	0.0	0.0	0.0	134.8	94.0	22.92	204.1	106.0	17.35	238.4	109.0	10.73	6.7	584.0	8.0	1.81	52.81	0.09042808219178082	1.0	0	cluster_1
WY	54.0	408.0	405-7850	0.0	1.0	39.0	143.9	73.0	24.46	210.3	117.0	17.88	129.2	117.0	5.81	12.5	495.9	8.0	3.38	51.53000000000001	0.10391207904819522	2.0	0	cluster_2
VT	146.0	510.0	355-4842	1.0	0.0	0.0	204.4	135.0	34.75	219.1	90.0	18.62	222.7	114.0	10.02	10.5	656.7	6.0	2.84	66.23	0.10085274859144205	3.0	0	cluster_0
WY	107.0	510.0	411-5740	0.0	1.0	31.0	160.3	45.0	27.25	221.5	70.0	18.83	261.6	109.0	11.77	5.6	649.0000000000001	1.0	1.51	59.35999999999999	0.09146379044684126	1.0	0	cluster_4
CT	155.0	510.0	380-7277	0.0	0.0	0.0	165.4	108.0	28.12	183.7	103.0	15.61	80.2	108.0	3.61	8.9	438.2	4.0	2.4	49.74	0.11350981287083524	3.0	0	cluster_5
KS	67.0	510.0	366-4426	0.0	0.0	0.0	129.0	78.0	21.93	188.0	116.0	15.98	235.0	102.0	10.58	11.2	563.2	3.0	3.02	51.51	0.09145951704545453	2.0	0	cluster_3
MD	136.0	415.0	375-1476	0.0	0.0	0.0	250.2	121.0	42.53	267.1	118.0	22.7	151.0	114.0	6.8	13.0	681.3	2.0	3.51	75.54	0.11087626596213124	1.0	1	cluster_6
CO	110.0	510.0	345-8350	0.0	0.0	0.0	131.9	93.0	22.42	272.7	106.0	23.18	192.8	105.0	8.68	7.1	604.5000000000001	4.0	1.92	56.2	0.09296939619520263	1.0	0	cluster_1
WI	123.0	415.0	371-8452	0.0	0.0	0.0	172.2	92.0	29.27	162.6	76.0	13.82	250.3	101.0	11.26	8.7	593.8	4.0	2.35	56.7	0.09548669585719098	1.0	0	cluster_1
WA	171.0	408.0	419-1863	0.0	0.0	0.0	270.5	69.0	45.99	230.0	112.0	19.55	136.0	111.0	6.12	9.6	646.1	5.0	2.59	74.25000000000001	0.11492029097662902	1.0	1	cluster_6
AK	110.0	415.0	394-4548	0.0	0.0	0.0	148.4	95.0	25.23	193.8	98.0	16.47	206.0	106.0	9.27	6.9	555.1	6.0	1.86	52.83	0.09517204107368041	0.0	0	cluster_3
MS	130.0	510.0	402-5509	0.0	1.0	26.0	257.2	108.0	43.72	224.3	122.0	19.07	204.0	118.0	9.18	12.6	698.1	4.0	3.4	75.37	0.10796447500358115	1.0	0	cluster_4
WI	85.0	415.0	360-4320	0.0	0.0	0.0	102.0	95.0	17.34	270.2	139.0	22.97	148.2	105.0	6.67	10.7	531.1	3.0	2.89	49.87000000000001	0.09389945396347206	1.0	0	cluster_3
TX	50.0	408.0	330-6436	0.0	1.0	31.0	302.7	93.0	51.46	240.5	119.0	20.44	193.9	103.0	8.73	13.6	750.7	14.0	3.67	84.30000000000003	0.1122951911549221	3.0	0	cluster_4
WY	160.0	408.0	338-7232	0.0	0.0	0.0	82.7	116.0	14.06	194.6	95.0	16.54	159.0	54.0	7.15	10.9	447.2	9.0	2.94	40.69	0.09098837209302325	0.0	0	cluster_3
PA	92.0	408.0	339-9631	0.0	1.0	28.0	151.1	90.0	25.69	194.8	79.0	16.56	239.2	114.0	10.76	10.0	595.0999999999998	3.0	2.7	55.71	0.09361451856830788	1.0	0	cluster_2
IA	197.0	415.0	376-2922	0.0	0.0	0.0	233.9	96.0	39.76	218.9	111.0	18.61	182.9	109.0	8.23	9.5	645.2	3.0	2.57	69.16999999999999	0.10720706757594542	0.0	0	cluster_5
CA	137.0	415.0	415-3689	0.0	1.0	22.0	189.6	42.0	32.23	179.0	137.0	15.22	179.6	126.0	8.08	11.4	559.6	5.0	3.08	58.60999999999999	0.10473552537526803	2.0	0	cluster_2
NC	115.0	415.0	337-2442	1.0	0.0	0.0	180.0	119.0	30.6	198.8	126.0	16.9	217.1	70.0	9.77	12.4	608.3	3.0	3.35	60.62	0.0996547756041427	1.0	0	cluster_0
OH	66.0	415.0	408-6305	0.0	0.0	0.0	170.5	103.0	28.99	254.3	77.0	21.62	197.3	138.0	8.88	10.5	632.6	2.0	2.84	62.33	0.09852987669933606	2.0	0	cluster_1
SC	138.0	510.0	370-9533	0.0	1.0	21.0	19.5	149.0	3.32	140.9	109.0	11.98	179.7	111.0	8.09	7.9	348.0	1.0	2.13	25.52	0.07333333333333333	0.0	0	cluster_3
NM	105.0	415.0	362-7870	0.0	0.0	0.0	193.7	108.0	32.93	183.2	124.0	15.57	293.7	72.0	13.22	10.8	681.3999999999999	5.0	2.92	64.64	0.09486351628999122	1.0	0	cluster_1
ME	75.0	408.0	343-1965	1.0	0.0	0.0	211.3	61.0	35.92	105.6	119.0	8.98	175.9	63.0	7.92	9.7	502.5	4.0	2.62	55.44000000000001	0.11032835820895524	4.0	1	cluster_0
WA	152.0	510.0	337-4403	0.0	0.0	0.0	161.4	84.0	27.44	163.6	88.0	13.91	153.2	121.0	6.89	11.8	490.0	5.0	3.19	51.43	0.10495918367346939	1.0	0	cluster_3
OH	75.0	415.0	340-9803	0.0	0.0	0.0	150.6	99.0	25.6	301.5	83.0	25.63	158.7	104.0	7.14	8.1	618.9	5.0	2.19	60.56	0.09785102601389563	0.0	0	cluster_1
AR	80.0	415.0	340-4953	0.0	0.0	0.0	124.3	100.0	21.13	173.0	107.0	14.71	253.2	62.0	11.39	7.9	558.4	9.0	2.13	49.36000000000001	0.08839541547277939	1.0	0	cluster_3
MS	190.0	415.0	394-5753	1.0	0.0	0.0	111.9	55.0	19.02	223.0	124.0	18.96	243.2	81.0	10.94	10.0	588.0999999999998	7.0	2.7	51.62000000000001	0.0877741880632546	3.0	0	cluster_0
IN	88.0	415.0	354-7201	0.0	0.0	0.0	183.5	93.0	31.2	170.5	80.0	14.49	193.8	88.0	8.72	8.3	556.0999999999998	5.0	2.24	56.65	0.10187016723610864	3.0	0	cluster_5
AR	86.0	408.0	329-8115	0.0	1.0	16.0	145.7	88.0	24.77	191.0	129.0	16.24	215.5	82.0	9.7	11.3	563.5	7.0	3.05	53.75999999999999	0.09540372670807452	0.0	0	cluster_2
NC	80.0	415.0	420-8435	1.0	0.0	0.0	189.1	122.0	32.15	223.2	92.0	18.97	269.0	116.0	12.11	13.9	695.1999999999998	3.0	3.75	66.97999999999999	0.0963463751438435	2.0	1	cluster_0
VT	107.0	510.0	382-1399	0.0	0.0	0.0	189.7	76.0	32.25	156.1	65.0	13.27	244.0	91.0	10.98	8.3	598.0999999999998	3.0	2.24	58.74	0.09821100150476512	5.0	0	cluster_1
OR	69.0	415.0	401-8377	0.0	0.0	0.0	167.5	76.0	28.48	242.1	92.0	20.58	101.2	103.0	4.55	11.4	522.2	4.0	3.08	56.69	0.10855993872079661	2.0	0	cluster_5
ME	57.0	415.0	377-3139	0.0	0.0	0.0	221.1	101.0	37.59	236.7	65.0	20.12	252.3	137.0	11.35	9.5	719.5999999999998	1.0	2.57	71.63	0.09954141189549752	0.0	0	cluster_1
NY	91.0	510.0	394-8256	0.0	0.0	0.0	109.8	100.0	18.67	189.6	104.0	16.12	206.7	85.0	9.3	11.1	517.1999999999998	3.0	3.0	47.09	0.09104795050270692	1.0	0	cluster_3
NJ	74.0	415.0	389-4083	0.0	0.0	0.0	230.9	93.0	39.25	223.0	78.0	18.96	157.8	101.0	7.1	9.7	621.4000000000002	2.0	2.62	67.93	0.1093176697779208	3.0	0	cluster_5
VT	57.0	415.0	368-9507	0.0	0.0	0.0	169.6	96.0	28.83	234.7	112.0	19.95	285.4	83.0	12.84	11.2	700.9	4.0	3.02	64.64	0.0922242830646312	0.0	0	cluster_1
FL	31.0	510.0	402-3634	0.0	0.0	0.0	165.4	84.0	28.12	203.7	107.0	17.31	201.7	65.0	9.08	8.2	579.0	1.0	2.21	56.72	0.09796200345423144	1.0	0	cluster_1
KS	143.0	408.0	407-2081	0.0	1.0	24.0	186.6	69.0	31.72	222.0	116.0	18.87	234.9	138.0	10.57	11.6	655.1	5.0	3.13	64.29	0.09813768890245765	1.0	0	cluster_4
WA	118.0	510.0	422-2571	0.0	0.0	0.0	113.0	80.0	19.21	150.1	87.0	12.76	204.3	115.0	9.19	10.8	478.2000000000001	4.0	2.92	44.08	0.0921790046005855	2.0	0	cluster_3
FL	91.0	510.0	379-5592	0.0	0.0	0.0	203.1	106.0	34.53	210.1	113.0	17.86	195.6	129.0	8.8	12.0	620.8	3.0	3.24	64.42999999999999	0.10378543814432989	3.0	0	cluster_1
AR	33.0	408.0	371-9602	0.0	0.0	0.0	251.9	81.0	42.82	194.6	96.0	16.54	211.2	87.0	9.5	8.4	666.1	3.0	2.27	71.13	0.1067857679027173	2.0	0	cluster_5
MD	52.0	415.0	352-1798	0.0	0.0	0.0	209.8	114.0	35.67	171.3	82.0	14.56	154.6	119.0	6.96	9.9	545.6	9.0	2.67	59.86000000000001	0.10971407624633432	4.0	0	cluster_5
IA	62.0	415.0	366-9238	0.0	0.0	0.0	120.7	70.0	20.52	307.2	76.0	26.11	203.0	99.0	9.14	13.1	644.0	6.0	3.54	59.31	0.09209627329192548	4.0	0	cluster_1
AZ	97.0	408.0	349-7282	0.0	1.0	25.0	141.0	101.0	23.97	212.0	85.0	18.02	175.2	138.0	7.88	4.9	533.1	2.0	1.32	51.19	0.09602326017632713	3.0	0	cluster_2
HI	98.0	408.0	381-8593	0.0	1.0	30.0	110.3	71.0	18.75	182.4	108.0	15.5	183.8	88.0	8.27	11.0	487.5	8.0	2.97	45.49	0.09331282051282051	2.0	0	cluster_2
MT	73.0	408.0	394-9942	0.0	1.0	26.0	131.2	98.0	22.3	106.5	97.0	9.05	221.7	96.0	9.98	10.2	469.6	6.0	2.75	44.08	0.0938671209540034	2.0	0	cluster_2
MI	135.0	415.0	393-2524	0.0	0.0	0.0	239.9	91.0	40.78	177.1	104.0	15.05	217.2	118.0	9.77	5.9	640.1	3.0	1.59	67.19	0.10496797375410091	2.0	0	cluster_5
CT	37.0	408.0	347-7675	0.0	0.0	0.0	134.9	98.0	22.93	248.4	130.0	21.11	236.2	113.0	10.63	14.7	634.2	2.0	3.97	58.64	0.09246294544307788	3.0	0	cluster_1
TN	95.0	510.0	365-7784	0.0	0.0	0.0	174.0	57.0	29.58	281.1	118.0	23.89	197.2	94.0	8.87	9.7	662.0	2.0	2.62	64.96	0.09812688821752265	0.0	0	cluster_1
AR	89.0	415.0	365-4728	0.0	1.0	25.0	215.1	140.0	36.57	197.4	69.0	16.78	162.1	117.0	7.29	10.6	585.2	10.0	2.86	63.5	0.10850991114149008	1.0	0	cluster_4
RI	83.0	510.0	357-2294	0.0	0.0	0.0	259.7	106.0	44.15	152.7	116.0	12.98	224.7	92.0	10.11	10.2	647.3	2.0	2.75	69.99	0.10812606210412483	0.0	0	cluster_5
NM	103.0	415.0	417-6330	0.0	0.0	0.0	173.5	83.0	29.5	244.3	65.0	20.77	221.6	66.0	9.97	9.7	649.1	2.0	2.62	62.85999999999999	0.09684178092743798	3.0	0	cluster_1
MN	124.0	510.0	410-7383	0.0	0.0	0.0	157.5	70.0	26.78	130.7	79.0	11.11	193.4	98.0	8.7	9.6	491.2000000000001	4.0	2.59	49.18000000000001	0.10012214983713354	3.0	0	cluster_3
NM	113.0	510.0	366-9211	0.0	0.0	0.0	150.1	120.0	25.52	200.1	85.0	17.01	266.7	105.0	12.0	11.0	627.9	3.0	2.97	57.5	0.09157509157509158	2.0	0	cluster_1
VT	80.0	415.0	342-7514	0.0	0.0	0.0	160.6	103.0	27.3	237.0	109.0	20.15	245.1	88.0	11.03	10.7	653.4000000000002	1.0	2.89	61.37000000000001	0.09392408937863482	1.0	0	cluster_1
GA	72.0	415.0	362-1407	0.0	1.0	37.0	220.0	80.0	37.4	217.3	102.0	18.47	152.8	71.0	6.88	14.7	604.8000000000002	6.0	3.97	66.72	0.11031746031746029	3.0	0	cluster_4
WY	41.0	510.0	381-2413	0.0	0.0	0.0	223.8	67.0	38.05	244.8	74.0	20.81	223.8	156.0	10.07	12.3	704.7	5.0	3.32	72.25	0.10252589754505463	3.0	0	cluster_1
TN	1.0	415.0	335-5591	0.0	0.0	0.0	196.1	107.0	33.34	296.5	82.0	25.2	211.5	91.0	9.52	7.0	711.1	2.0	1.89	69.95	0.09836872451132049	1.0	0	cluster_1
MA	129.0	510.0	408-2712	1.0	0.0	0.0	192.9	131.0	32.79	185.5	101.0	15.77	205.2	130.0	9.23	10.9	594.4999999999999	4.0	2.94	60.73	0.10215306980656015	1.0	0	cluster_0
RI	112.0	510.0	341-3464	0.0	0.0	0.0	194.4	101.0	33.05	190.3	82.0	16.18	183.4	107.0	8.25	11.4	579.5	2.0	3.08	60.56	0.10450388265746334	0.0	0	cluster_5
MT	169.0	415.0	361-9621	0.0	0.0	0.0	100.8	112.0	17.14	230.0	69.0	19.55	193.6	95.0	8.71	9.5	533.9	2.0	2.57	47.97	0.08984828619591684	0.0	0	cluster_3
UT	108.0	415.0	355-9356	0.0	0.0	0.0	210.6	117.0	35.8	164.2	103.0	13.96	201.4	68.0	9.06	9.4	585.5999999999998	5.0	2.54	61.36	0.10478142076502736	0.0	0	cluster_5
NH	97.0	408.0	328-9267	0.0	1.0	32.0	90.0	87.0	15.3	276.3	113.0	23.49	185.2	107.0	8.33	8.6	560.1	6.0	2.32	49.44	0.08826995179432244	2.0	1	cluster_2
SD	113.0	415.0	406-4560	1.0	0.0	0.0	204.3	82.0	34.73	188.8	115.0	16.05	139.4	97.0	6.27	9.2	541.7	7.0	2.48	59.53	0.10989477570611039	1.0	0	cluster_0
NJ	84.0	415.0	412-3898	0.0	0.0	0.0	190.2	102.0	32.33	197.7	141.0	16.8	247.5	102.0	11.14	9.8	645.1999999999998	6.0	2.65	62.92	0.09752014879107257	2.0	0	cluster_1
OR	80.0	415.0	391-8087	0.0	0.0	0.0	161.1	99.0	27.39	198.8	81.0	16.9	228.4	116.0	10.28	10.6	598.9	4.0	2.86	57.43	0.09589246952746702	1.0	0	cluster_1
AK	58.0	510.0	364-1134	0.0	0.0	0.0	131.9	96.0	22.42	167.6	107.0	14.25	205.9	106.0	9.27	14.7	520.1	5.0	3.97	49.91	0.09596231493943472	3.0	0	cluster_3
OR	77.0	510.0	409-8814	0.0	0.0	0.0	233.8	104.0	39.75	266.5	94.0	22.65	212.7	104.0	9.57	7.6	720.6	3.0	2.05	74.02	0.10271995559256175	2.0	0	cluster_1
AR	63.0	510.0	330-5168	0.0	1.0	49.0	214.9	86.0	36.53	198.2	89.0	16.85	170.8	139.0	7.69	8.2	592.1000000000001	5.0	2.21	63.28	0.10687383887856779	0.0	0	cluster_4
NV	96.0	408.0	375-6911	0.0	0.0	0.0	197.7	68.0	33.61	250.5	53.0	21.29	181.2	67.0	8.15	10.5	639.9	3.0	2.84	65.89	0.10296921393967808	3.0	0	cluster_1
CA	158.0	510.0	379-5503	0.0	0.0	0.0	155.9	123.0	26.5	224.2	112.0	19.06	221.0	116.0	9.95	8.6	609.7	8.0	2.32	57.83000000000001	0.09484992619320978	2.0	0	cluster_1
ND	12.0	510.0	379-5211	1.0	0.0	0.0	216.7	117.0	36.84	116.5	126.0	9.9	220.0	110.0	9.9	9.8	563.0	4.0	2.65	59.29	0.10531083481349911	2.0	0	cluster_0
ID	169.0	415.0	399-9239	0.0	0.0	0.0	235.7	79.0	40.07	136.9	85.0	11.64	220.9	97.0	9.94	13.3	606.8	10.0	3.59	65.24	0.10751483190507581	1.0	0	cluster_5
NJ	57.0	510.0	330-2635	1.0	0.0	0.0	115.0	65.0	19.55	122.3	96.0	10.4	245.0	75.0	11.03	6.4	488.7	1.0	1.73	42.71	0.08739512993656641	0.0	1	cluster_0
DC	99.0	415.0	402-5076	0.0	1.0	31.0	244.1	71.0	41.5	203.4	58.0	17.29	234.0	115.0	10.53	7.7	689.2	4.0	2.08	71.39999999999998	0.10359837492745208	3.0	0	cluster_4
NM	104.0	415.0	356-7217	0.0	0.0	0.0	164.2	109.0	27.91	155.4	90.0	13.21	168.9	117.0	7.6	10.7	499.2	8.0	2.89	51.61000000000001	0.10338541666666669	1.0	0	cluster_3
OR	25.0	408.0	422-5874	0.0	0.0	0.0	178.8	90.0	30.4	141.2	72.0	12.0	203.0	99.0	9.14	8.4	531.4	5.0	2.27	53.81	0.10126082047421905	2.0	0	cluster_3
UT	83.0	510.0	386-6114	0.0	0.0	0.0	208.9	71.0	35.51	214.8	92.0	18.26	247.9	108.0	11.16	13.0	684.6	5.0	3.51	68.44	0.0999707858603564	1.0	0	cluster_1
IA	1.0	408.0	331-2144	0.0	1.0	26.0	208.0	115.0	35.36	185.0	113.0	15.73	177.7	144.0	8.0	8.1	578.8000000000002	9.0	2.19	61.28	0.10587422252937108	1.0	0	cluster_2
ND	118.0	415.0	329-3458	0.0	1.0	39.0	91.5	125.0	15.56	219.9	113.0	18.69	229.0	99.0	10.31	12.7	553.1	8.0	3.43	47.99	0.08676550352558307	2.0	0	cluster_2
NM	153.0	408.0	343-1538	0.0	0.0	0.0	185.3	127.0	31.5	208.0	73.0	17.68	206.1	124.0	9.27	15.1	614.5	3.0	4.08	62.53	0.10175752644426363	1.0	0	cluster_1
TX	64.0	415.0	382-8518	0.0	0.0	0.0	168.0	116.0	28.56	192.4	94.0	16.35	166.5	98.0	7.49	10.1	537.0	3.0	2.73	55.13	0.10266294227188083	2.0	0	cluster_5
MN	122.0	415.0	421-2659	0.0	0.0	0.0	107.9	88.0	18.34	235.8	109.0	20.04	228.6	119.0	10.29	9.5	581.8000000000002	3.0	2.57	51.24	0.0880715022344448	2.0	0	cluster_1
MN	125.0	415.0	390-9735	1.0	1.0	29.0	260.8	81.0	44.34	163.7	112.0	13.91	271.7	117.0	12.23	17.0	713.2	6.0	4.59	75.07000000000002	0.10525799214806508	1.0	1	cluster_0
NV	138.0	510.0	395-8595	0.0	0.0	0.0	171.4	117.0	29.14	115.2	128.0	9.79	224.5	115.0	10.1	17.0	528.1	4.0	4.59	53.62000000000001	0.10153380041658779	3.0	0	cluster_3
ID	82.0	408.0	352-7413	0.0	0.0	0.0	101.0	93.0	17.17	155.6	104.0	13.23	304.4	93.0	13.7	13.3	574.3	2.0	3.59	47.69	0.08304022288002787	0.0	0	cluster_3
GA	117.0	415.0	328-5188	1.0	0.0	0.0	287.4	118.0	48.86	259.6	84.0	22.07	153.2	86.0	6.89	10.0	710.2	3.0	2.7	80.52000000000002	0.1133765136581245	1.0	1	cluster_6
TN	140.0	415.0	372-3987	0.0	0.0	0.0	125.3	84.0	21.3	167.6	121.0	14.25	260.6	94.0	11.73	8.4	561.9	4.0	2.27	49.55	0.08818295070297205	1.0	0	cluster_3
