{
    "probaDistribData": {
        "probaDistribs": [
            [
                443.0, 
                0.0, 
                111.0, 
                0.0, 
                20.0, 
                0.0, 
                4.0, 
                0.0, 
                1.0, 
                0.0
            ], 
            [
                16.0, 
                0.0, 
                6.0, 
                0.0, 
                14.0, 
                0.0, 
                17.0, 
                0.0, 
                10.0, 
                24.0
            ]
        ], 
        "bins": [
            0.0, 
            0.1, 
            0.2, 
            0.3, 
            0.4, 
            0.5, 
            0.6, 
            0.7, 
            0.8, 
            0.9, 
            1.0
        ]
    }, 
    "usedThreshold": 0.2, 
    "probaPercentiles": [
        0.0, 
        0.0, 
        0.0, 
        0.0, 
        0.0, 
        0.0, 
        0.0, 
        0.0, 
        0.0, 
        0.0, 
        0.0, 
        0.0, 
        0.0, 
        0.0, 
        0.0, 
        0.0, 
        0.0, 
        0.0, 
        0.0, 
        0.0, 
        0.0, 
        0.0, 
        0.0, 
        0.0, 
        0.0, 
        0.0, 
        0.0, 
        0.0, 
        0.0, 
        0.0, 
        0.0, 
        0.0, 
        0.0, 
        0.0, 
        0.0, 
        0.0, 
        0.0, 
        0.0, 
        0.0, 
        0.0, 
        0.0, 
        0.0, 
        0.0, 
        0.0, 
        0.0, 
        0.0, 
        0.0, 
        0.0, 
        0.0, 
        0.0, 
        0.0, 
        0.0, 
        0.0, 
        0.0, 
        0.0, 
        0.0, 
        0.0, 
        0.0, 
        0.0, 
        0.0, 
        0.0, 
        0.0, 
        0.0, 
        0.0, 
        0.0, 
        0.0, 
        0.0, 
        0.0, 
        0.16999999999999318, 
        0.2, 
        0.2, 
        0.2, 
        0.2, 
        0.2, 
        0.2, 
        0.2, 
        0.2, 
        0.2, 
        0.2, 
        0.2, 
        0.2, 
        0.2, 
        0.2, 
        0.2, 
        0.2, 
        0.2, 
        0.4, 
        0.4, 
        0.4, 
        0.4, 
        0.4, 
        0.6, 
        0.6, 
        0.6, 
        0.8, 
        0.8, 
        1.0, 
        1.0, 
        1.0
    ], 
    "rocVizData": [
        [
            {
                "y": 0.0, 
                "x": 0.0, 
                "p": 2.0
            }, 
            {
                "y": 0.27586206896551724, 
                "x": 0.0, 
                "p": 1.0
            }, 
            {
                "y": 0.39080459770114945, 
                "x": 0.0017271157167530224, 
                "p": 0.8
            }, 
            {
                "y": 0.5862068965517241, 
                "x": 0.008635578583765112, 
                "p": 0.6
            }, 
            {
                "y": 0.7471264367816092, 
                "x": 0.04317789291882556, 
                "p": 0.4
            }, 
            {
                "y": 0.8160919540229885, 
                "x": 0.23488773747841105, 
                "p": 0.2
            }, 
            {
                "y": 1.0, 
                "x": 1.0, 
                "p": 0.0
            }
        ]
    ], 
    "calibrationData": [
        {
            "y": 0, 
            "x": 0, 
            "n": 0
        }, 
        {
            "y": 0.034858387799564274, 
            "x": 0.0, 
            "n": 459.0
        }, 
        {
            "y": 0.05128205128205128, 
            "x": 0.19999999999999998, 
            "n": 117.0
        }, 
        {
            "y": 0.4117647058823529, 
            "x": 0.4, 
            "n": 34.0
        }, 
        {
            "y": 0.8095238095238095, 
            "x": 0.5999999999999999, 
            "n": 21.0
        }, 
        {
            "y": 0.9090909090909091, 
            "x": 0.8, 
            "n": 11.0
        }, 
        {
            "y": 1.0, 
            "x": 1.0, 
            "n": 24.0
        }, 
        {
            "y": 1, 
            "x": 1, 
            "n": 0
        }
    ], 
    "metrics": {}, 
    "densityData": {
        "1": {
            "incorrect": [
                8.858163648892006, 
                8.485631854618145, 
                7.45943107132056, 
                6.0173979047050095, 
                4.4544681713523735, 
                3.026086486068235, 
                1.8868753529095674, 
                1.080958031221355, 
                0.5720121492898989, 
                0.2876330473946328, 
                0.1564380845652736, 
                0.12859116142332425, 
                0.18077367258773586, 
                0.3106222360823687, 
                0.5250157437624303, 
                0.825358259668616, 
                1.1936393220329382, 
                1.5848275354776038, 
                1.9311136822060733, 
                2.15934070313541, 
                2.215728940170327, 
                2.086379244850115, 
                1.8028141186125641, 
                1.4295197734048173, 
                1.0401920320998574, 
                0.6946010082895532, 
                0.425730441993902, 
                0.23974152992566733, 
                0.12471324667013825, 
                0.061669931989442595, 
                0.03303150426282845, 
                0.026799069567810713, 
                0.03714113722416928, 
                0.06278501919484697, 
                0.10432927662227223, 
                0.1612227620075589, 
                0.22919001048555473, 
                0.29911708643301654, 
                0.3582641267333633, 
                0.39377927540023594, 
                0.39717737848203927, 
                0.3676184738101506, 
                0.3122419734382151, 
                0.24337002465232374, 
                0.1740719629065622, 
                0.11426124572267447, 
                0.06884945342302916, 
                0.038142272216272984, 
                0.0195915370239209, 
                0.009745677311573648, 
                0.005630643049503411, 
                0.005361245828576822, 
                0.008147434684124983, 
                0.01394118177521614, 
                0.02290412910632601, 
                0.034828811918782274, 
                0.048677682557276204, 
                0.06244925517337861, 
                0.07352387789133535, 
                0.07943550181874816, 
                0.07875580561382263, 
                0.07165254687023184, 
                0.059822137958544276, 
                0.04583262849979916, 
                0.03222384257830147, 
                0.020792612204962764, 
                0.012319298934496358, 
                0.006720297347766483, 
                0.0034250697877757346, 
                0.0017541128065893345, 
                0.001167086145989702, 
                0.0013591320717653923, 
                0.0022431239723945196, 
                0.00386243122775655, 
                0.006265711554821396, 
                0.009373297236502211, 
                0.012879107518211357, 
                0.01624169532844855, 
                0.018796235704585794, 
                0.019961524425483376, 
                0.019453506116786687, 
                0.017397348876670802, 
                0.014277402409595425, 
                0.010752173336690908, 
                0.007430606117206908, 
                0.004712302384797571, 
                0.0027423506675902363, 
                0.0014645147529458592, 
                0.0007177041221532141, 
                0.0003227587737244791, 
                0.00013319612776894408, 
                5.044127648251019e-05, 
                1.7529174483266053e-05, 
                5.590076947106015e-06, 
                1.635893528761985e-06, 
                4.393121446504928e-07, 
                1.082610689126493e-07, 
                2.4482306949005912e-08, 
                5.080579984960108e-09, 
                9.675093567769993e-10
            ], 
            "incorrectMedian": 0.0, 
            "correct": [
                0.5612474647280844, 
                0.569648340102896, 
                0.5767166590797407, 
                0.5824886846614963, 
                0.5870204900905599, 
                0.5903868027863219, 
                0.5926794593011652, 
                0.5940055118897473, 
                0.5944850361957649, 
                0.5942486967814626, 
                0.593435132564457, 
                0.5921882275692713, 
                0.5906543337106994, 
                0.5889795116405899, 
                0.5873068531159851, 
                0.585773944050445, 
                0.5845105216063253, 
                0.5836363716244315, 
                0.5832595046440542, 
                0.5834746400282852, 
                0.5843620185665408, 
                0.585986554661183, 
                0.5883973300859813, 
                0.5916274225789377, 
                0.5956940544247974, 
                0.6005990388891578, 
                0.6063294960543023, 
                0.6128588044130551, 
                0.6201477506060369, 
                0.6281458370115182, 
                0.6367927055534964, 
                0.6460196360840338, 
                0.6557510789852659, 
                0.6659061841507257, 
                0.6764002921319953, 
                0.6871463578240227, 
                0.6980562824237363, 
                0.7090421353118421, 
                0.7200172537319238, 
                0.7308972144101834, 
                0.7416006773022187, 
                0.7520501072029356, 
                0.7621723837614307, 
                0.7718993142839529, 
                0.781168066406906, 
                0.7899215391536598, 
                0.7981086909916886, 
                0.8056848422861148, 
                0.8126119670777656, 
                0.8188589855422487, 
                0.8244020640166254, 
                0.8292249243690448, 
                0.8333191590296718, 
                0.8366845425163202, 
                0.839329325097924, 
                0.8412704896540492, 
                0.8425339490887757, 
                0.8431546590783302, 
                0.8431766196517306, 
                0.8426527392347888, 
                0.8416445363716121, 
                0.840221657345123, 
                0.8384611922523321, 
                0.8364467775942427, 
                0.8342674799080249, 
                0.8320164621555345, 
                0.8297894422183999, 
                0.8276829606551392, 
                0.8257924825702695, 
                0.824210365761198, 
                0.8230237339978477, 
                0.8223123001314201, 
                0.8221461885311959, 
                0.8225838099532753, 
                0.8236698442255219, 
                0.8254333869933809, 
                0.8278863161451145, 
                0.8310219313846351, 
                0.8348139167350294, 
                0.8392156705541205, 
                0.8441600409726226, 
                0.8495594966062402, 
                0.8553067530626894, 
                0.8612758653203084, 
                0.8673237846980675, 
                0.8732923671144461, 
                0.8790108069378275, 
                0.8842984582998882, 
                0.8889679936488933, 
                0.8928288379624509, 
                0.8956908068331085, 
                0.8973678679975726, 
                0.8976819391919297, 
                0.8964666308303901, 
                0.8935708402117019, 
                0.8888621049610954, 
                0.8822296273263827, 
                0.8735868877614101, 
                0.8628737758302926, 
                0.8500581786108224
            ], 
            "correctMedian": 0.6
        }, 
        "0": {
            "incorrect": [
                0.8500581786108217, 
                0.8628737758302902, 
                0.8735868877614148, 
                0.8822296273263842, 
                0.888862104961097, 
                0.8935708402116987, 
                0.8964666308303918, 
                0.8976819391919282, 
                0.8973678679975742, 
                0.8956908068331078, 
                0.8928288379624509, 
                0.8889679936488933, 
                0.8842984582998882, 
                0.8790108069378275, 
                0.873292367114443, 
                0.8673237846980667, 
                0.8612758653203069, 
                0.8553067530626902, 
                0.8495594966062417, 
                0.8441600409726241, 
                0.8392156705541205, 
                0.8348139167350286, 
                0.8310219313846381, 
                0.827886316145116, 
                0.8254333869933794, 
                0.8236698442255234, 
                0.8225838099532782, 
                0.8221461885311959, 
                0.8223123001314172, 
                0.8230237339978469, 
                0.824210365761198, 
                0.8257924825702709, 
                0.82768296065514, 
                0.8297894422184013, 
                0.8320164621555353, 
                0.8342674799080256, 
                0.8364467775942427, 
                0.8384611922523321, 
                0.840221657345123, 
                0.8416445363716121, 
                0.8426527392347902, 
                0.8431766196517306, 
                0.8431546590783288, 
                0.8425339490887749, 
                0.8412704896540492, 
                0.839329325097924, 
                0.8366845425163202, 
                0.8333191590296704, 
                0.829224924369044, 
                0.8244020640166254, 
                0.8188589855422479, 
                0.8126119670777656, 
                0.8056848422861148, 
                0.7981086909916899, 
                0.7899215391536613, 
                0.7811680664069074, 
                0.7718993142839529, 
                0.76217238376143, 
                0.7520501072029343, 
                0.741600677302218, 
                0.7308972144101834, 
                0.7200172537319232, 
                0.7090421353118421, 
                0.6980562824237375, 
                0.6871463578240227, 
                0.6764002921319946, 
                0.665906184150728, 
                0.6557510789852652, 
                0.6460196360840326, 
                0.6367927055534964, 
                0.6281458370115187, 
                0.6201477506060371, 
                0.612858804413057, 
                0.6063294960542996, 
                0.6005990388891572, 
                0.5956940544247958, 
                0.5916274225789354, 
                0.588397330085981, 
                0.5859865546611835, 
                0.5843620185665385, 
                0.5834746400282883, 
                0.5832595046440557, 
                0.5836363716244313, 
                0.5845105216063256, 
                0.5857739440504445, 
                0.5873068531159841, 
                0.5889795116405894, 
                0.5906543337106983, 
                0.5921882275692705, 
                0.593435132564456, 
                0.5942486967814642, 
                0.5944850361957673, 
                0.5940055118897515, 
                0.5926794593011667, 
                0.5903868027863183, 
                0.5870204900905593, 
                0.5824886846614913, 
                0.5767166590797351, 
                0.5696483401028932, 
                0.5612474647280842
            ], 
            "incorrectMedian": 0.4, 
            "correct": [
                9.675093567769786e-10, 
                5.080579984960072e-09, 
                2.4482306949005826e-08, 
                1.0826106891264814e-07, 
                4.393121446504928e-07, 
                1.635893528761991e-06, 
                5.590076947105985e-06, 
                1.7529174483266117e-05, 
                5.044127648251001e-05, 
                0.00013319612776894408, 
                0.00032275877372448024, 
                0.0007177041221532141, 
                0.001464514752945863, 
                0.0027423506675902337, 
                0.00471230238479758, 
                0.007430606117206902, 
                0.010752173336690917, 
                0.014277402409595451, 
                0.017397348876670802, 
                0.019453506116786694, 
                0.019961524425483376, 
                0.018796235704585783, 
                0.01624169532844855, 
                0.012879107518211344, 
                0.009373297236502187, 
                0.006265711554821396, 
                0.0038624312277565362, 
                0.002243123972394518, 
                0.0013591320717653873, 
                0.0011670861459897029, 
                0.0017541128065893378, 
                0.003425069787775753, 
                0.0067202973477665075, 
                0.012319298934496424, 
                0.02079261220496282, 
                0.03222384257830158, 
                0.045832628499799306, 
                0.05982213795854435, 
                0.07165254687023191, 
                0.07875580561382263, 
                0.07943550181874816, 
                0.07352387789133528, 
                0.06244925517337847, 
                0.04867768255727604, 
                0.0348288119187822, 
                0.022904129106325884, 
                0.013941181775216091, 
                0.008147434684124932, 
                0.005361245828576799, 
                0.005630643049503401, 
                0.009745677311573648, 
                0.01959153702392131, 
                0.03814227221627344, 
                0.06884945342302923, 
                0.11426124572267447, 
                0.1740719629065597, 
                0.24337002465232288, 
                0.31224197343821175, 
                0.36761847381015095, 
                0.3971773784820343, 
                0.39377927540023455, 
                0.3582641267333614, 
                0.2991170864330163, 
                0.22919001048555393, 
                0.16122276200755845, 
                0.10432927662227214, 
                0.06278501919484664, 
                0.037141137224169084, 
                0.02679906956781083, 
                0.033031504262828255, 
                0.06166993198944262, 
                0.12471324667013836, 
                0.23974152992566689, 
                0.42573044199390275, 
                0.6946010082895532, 
                1.0401920320998566, 
                1.4295197734048197, 
                1.8028141186125595, 
                2.0863792448500997, 
                2.215728940170313, 
                2.1593407031354084, 
                1.9311136822060784, 
                1.5848275354775982, 
                1.1936393220329318, 
                0.8253582596686218, 
                0.5250157437624312, 
                0.31062223608236683, 
                0.180773672587736, 
                0.12859116142332344, 
                0.15643808456527403, 
                0.2876330473946394, 
                0.5720121492898943, 
                1.0809580312213578, 
                1.886875352909564, 
                3.02608648606824, 
                4.454468171352291, 
                6.017397904705053, 
                7.459431071320387, 
                8.485631854617814, 
                8.85816364889229
            ], 
            "correctMedian": 1.0
        }
    }, 
    "perCutData": {
        "fp": [
            136, 
            136, 
            136, 
            136, 
            136, 
            136, 
            136, 
            136, 
            25, 
            25, 
            25, 
            25, 
            25, 
            25, 
            25, 
            25, 
            5, 
            5, 
            5, 
            5, 
            5, 
            5, 
            5, 
            5, 
            1, 
            1, 
            1, 
            1, 
            1, 
            1, 
            1, 
            1, 
            0, 
            0, 
            0, 
            0, 
            0, 
            0, 
            0, 
            0
        ], 
        "f1": [
            0.4829931972789116, 
            0.4829931972789116, 
            0.4829931972789116, 
            0.4829931972789116, 
            0.4829931972789116, 
            0.4829931972789116, 
            0.4829931972789116, 
            0.4829931972789116, 
            0.7344632768361581, 
            0.7344632768361581, 
            0.7344632768361581, 
            0.7344632768361581, 
            0.7344632768361581, 
            0.7344632768361581, 
            0.7344632768361581, 
            0.7344632768361581, 
            0.7132867132867132, 
            0.7132867132867132, 
            0.7132867132867132, 
            0.7132867132867132, 
            0.7132867132867132, 
            0.7132867132867132, 
            0.7132867132867132, 
            0.7132867132867132, 
            0.5573770491803278, 
            0.5573770491803278, 
            0.5573770491803278, 
            0.5573770491803278, 
            0.5573770491803278, 
            0.5573770491803278, 
            0.5573770491803278, 
            0.5573770491803278, 
            0.4324324324324324, 
            0.4324324324324324, 
            0.4324324324324324, 
            0.4324324324324324, 
            0.4324324324324324, 
            0.4324324324324324, 
            0.4324324324324324, 
            0.4324324324324324
        ], 
        "mcc": [
            0.4231907330671348, 
            0.4231907330671348, 
            0.4231907330671348, 
            0.4231907330671348, 
            0.4231907330671348, 
            0.4231907330671348, 
            0.4231907330671348, 
            0.4231907330671348, 
            0.6939166795288627, 
            0.6939166795288627, 
            0.6939166795288627, 
            0.6939166795288627, 
            0.6939166795288627, 
            0.6939166795288627, 
            0.6939166795288627, 
            0.6939166795288627, 
            0.7013674316290122, 
            0.7013674316290122, 
            0.7013674316290122, 
            0.7013674316290122, 
            0.7013674316290122, 
            0.7013674316290122, 
            0.7013674316290122, 
            0.7013674316290122, 
            0.5876061099330979, 
            0.5876061099330979, 
            0.5876061099330979, 
            0.5876061099330979, 
            0.5876061099330979, 
            0.5876061099330979, 
            0.5876061099330979, 
            0.5876061099330979, 
            0.49879002807234935, 
            0.49879002807234935, 
            0.49879002807234935, 
            0.49879002807234935, 
            0.49879002807234935, 
            0.49879002807234935, 
            0.49879002807234935, 
            0.49879002807234935
        ], 
        "precision": [
            0.34299516908212563, 
            0.34299516908212563, 
            0.34299516908212563, 
            0.34299516908212563, 
            0.34299516908212563, 
            0.34299516908212563, 
            0.34299516908212563, 
            0.34299516908212563, 
            0.7222222222222222, 
            0.7222222222222222, 
            0.7222222222222222, 
            0.7222222222222222, 
            0.7222222222222222, 
            0.7222222222222222, 
            0.7222222222222222, 
            0.7222222222222222, 
            0.9107142857142857, 
            0.9107142857142857, 
            0.9107142857142857, 
            0.9107142857142857, 
            0.9107142857142857, 
            0.9107142857142857, 
            0.9107142857142857, 
            0.9107142857142857, 
            0.9714285714285714, 
            0.9714285714285714, 
            0.9714285714285714, 
            0.9714285714285714, 
            0.9714285714285714, 
            0.9714285714285714, 
            0.9714285714285714, 
            0.9714285714285714, 
            1.0, 
            1.0, 
            1.0, 
            1.0, 
            1.0, 
            1.0, 
            1.0, 
            1.0
        ], 
        "hammingLoss": [
            0.22822822822822822, 
            0.22822822822822822, 
            0.22822822822822822, 
            0.22822822822822822, 
            0.22822822822822822, 
            0.22822822822822822, 
            0.22822822822822822, 
            0.22822822822822822, 
            0.07057057057057058, 
            0.07057057057057058, 
            0.07057057057057058, 
            0.07057057057057058, 
            0.07057057057057058, 
            0.07057057057057058, 
            0.07057057057057058, 
            0.07057057057057058, 
            0.06156156156156156, 
            0.06156156156156156, 
            0.06156156156156156, 
            0.06156156156156156, 
            0.06156156156156156, 
            0.06156156156156156, 
            0.06156156156156156, 
            0.06156156156156156, 
            0.08108108108108109, 
            0.08108108108108109, 
            0.08108108108108109, 
            0.08108108108108109, 
            0.08108108108108109, 
            0.08108108108108109, 
            0.08108108108108109, 
            0.08108108108108109, 
            0.0945945945945946, 
            0.0945945945945946, 
            0.0945945945945946, 
            0.0945945945945946, 
            0.0945945945945946, 
            0.0945945945945946, 
            0.0945945945945946, 
            0.0945945945945946
        ], 
        "fn": [
            16, 
            16, 
            16, 
            16, 
            16, 
            16, 
            16, 
            16, 
            22, 
            22, 
            22, 
            22, 
            22, 
            22, 
            22, 
            22, 
            36, 
            36, 
            36, 
            36, 
            36, 
            36, 
            36, 
            36, 
            53, 
            53, 
            53, 
            53, 
            53, 
            53, 
            53, 
            53, 
            63, 
            63, 
            63, 
            63, 
            63, 
            63, 
            63, 
            63
        ], 
        "cut": [
            0.0, 
            0.025, 
            0.05, 
            0.07500000000000001, 
            0.1, 
            0.125, 
            0.15000000000000002, 
            0.17500000000000002, 
            0.2, 
            0.225, 
            0.25, 
            0.275, 
            0.30000000000000004, 
            0.325, 
            0.35000000000000003, 
            0.375, 
            0.4, 
            0.42500000000000004, 
            0.45, 
            0.47500000000000003, 
            0.5, 
            0.525, 
            0.55, 
            0.5750000000000001, 
            0.6000000000000001, 
            0.625, 
            0.65, 
            0.675, 
            0.7000000000000001, 
            0.7250000000000001, 
            0.75, 
            0.775, 
            0.8, 
            0.8250000000000001, 
            0.8500000000000001, 
            0.875, 
            0.9, 
            0.925, 
            0.9500000000000001, 
            0.9750000000000001
        ], 
        "recall": [
            0.8160919540229885, 
            0.8160919540229885, 
            0.8160919540229885, 
            0.8160919540229885, 
            0.8160919540229885, 
            0.8160919540229885, 
            0.8160919540229885, 
            0.8160919540229885, 
            0.7471264367816092, 
            0.7471264367816092, 
            0.7471264367816092, 
            0.7471264367816092, 
            0.7471264367816092, 
            0.7471264367816092, 
            0.7471264367816092, 
            0.7471264367816092, 
            0.5862068965517241, 
            0.5862068965517241, 
            0.5862068965517241, 
            0.5862068965517241, 
            0.5862068965517241, 
            0.5862068965517241, 
            0.5862068965517241, 
            0.5862068965517241, 
            0.39080459770114945, 
            0.39080459770114945, 
            0.39080459770114945, 
            0.39080459770114945, 
            0.39080459770114945, 
            0.39080459770114945, 
            0.39080459770114945, 
            0.39080459770114945, 
            0.27586206896551724, 
            0.27586206896551724, 
            0.27586206896551724, 
            0.27586206896551724, 
            0.27586206896551724, 
            0.27586206896551724, 
            0.27586206896551724, 
            0.27586206896551724
        ], 
        "tp": [
            71, 
            71, 
            71, 
            71, 
            71, 
            71, 
            71, 
            71, 
            65, 
            65, 
            65, 
            65, 
            65, 
            65, 
            65, 
            65, 
            51, 
            51, 
            51, 
            51, 
            51, 
            51, 
            51, 
            51, 
            34, 
            34, 
            34, 
            34, 
            34, 
            34, 
            34, 
            34, 
            24, 
            24, 
            24, 
            24, 
            24, 
            24, 
            24, 
            24
        ], 
        "tn": [
            443, 
            443, 
            443, 
            443, 
            443, 
            443, 
            443, 
            443, 
            554, 
            554, 
            554, 
            554, 
            554, 
            554, 
            554, 
            554, 
            574, 
            574, 
            574, 
            574, 
            574, 
            574, 
            574, 
            574, 
            578, 
            578, 
            578, 
            578, 
            578, 
            578, 
            578, 
            578, 
            579, 
            579, 
            579, 
            579, 
            579, 
            579, 
            579, 
            579
        ], 
        "accuracy": [
            0.7717717717717718, 
            0.7717717717717718, 
            0.7717717717717718, 
            0.7717717717717718, 
            0.7717717717717718, 
            0.7717717717717718, 
            0.7717717717717718, 
            0.7717717717717718, 
            0.9294294294294294, 
            0.9294294294294294, 
            0.9294294294294294, 
            0.9294294294294294, 
            0.9294294294294294, 
            0.9294294294294294, 
            0.9294294294294294, 
            0.9294294294294294, 
            0.9384384384384384, 
            0.9384384384384384, 
            0.9384384384384384, 
            0.9384384384384384, 
            0.9384384384384384, 
            0.9384384384384384, 
            0.9384384384384384, 
            0.9384384384384384, 
            0.918918918918919, 
            0.918918918918919, 
            0.918918918918919, 
            0.918918918918919, 
            0.918918918918919, 
            0.918918918918919, 
            0.918918918918919, 
            0.918918918918919, 
            0.9054054054054054, 
            0.9054054054054054, 
            0.9054054054054054, 
            0.9054054054054054, 
            0.9054054054054054, 
            0.9054054054054054, 
            0.9054054054054054, 
            0.9054054054054054
        ]
    }, 
    "optimalThreshold": 0.2, 
    "tiMetrics": {
        "logLoss": 0.9403613193208797, 
        "auc": 0.8715780279117781, 
        "lift": 2.1008555872439723, 
        "calibrationLoss": 0.05915915915915915
    }, 
    "processed_feature_names": [
        "Account Length", 
        "Area Code", 
        "CustServ Calls", 
        "Day Calls", 
        "Day_Charge", 
        "Day_Mins", 
        "Eve Calls", 
        "Eve_Charge", 
        "Eve_Mins", 
        "Int'l Plan", 
        "Intl Calls", 
        "Intl_Charge", 
        "Intl_Mins", 
        "Night Calls", 
        "Night_Charge", 
        "Night_Mins", 
        "Total_Charge", 
        "Total_min", 
        "VMail Message", 
        "VMail Plan", 
        "ratio_total_min", 
        "dummy:State:WV", 
        "dummy:State:MN", 
        "dummy:State:WI", 
        "dummy:State:OR", 
        "dummy:State:AL", 
        "dummy:State:VA", 
        "dummy:State:MI", 
        "dummy:State:NY", 
        "dummy:State:OH", 
        "dummy:State:WY", 
        "dummy:State:NC", 
        "dummy:State:WA", 
        "dummy:State:CT", 
        "dummy:State:IN", 
        "dummy:State:MO", 
        "dummy:State:MA", 
        "dummy:State:KS", 
        "dummy:State:UT", 
        "dummy:State:CO", 
        "dummy:State:ID", 
        "dummy:State:TX", 
        "dummy:State:VT", 
        "dummy:State:NJ", 
        "dummy:State:ME", 
        "dummy:State:MD", 
        "dummy:State:SC", 
        "dummy:State:NV", 
        "dummy:State:NE", 
        "dummy:State:MS", 
        "dummy:State:MT", 
        "dummy:State:FL", 
        "dummy:State:NM", 
        "dummy:State:IL", 
        "dummy:State:OK", 
        "dummy:State:ND", 
        "dummy:State:DE", 
        "dummy:State:AZ", 
        "dummy:State:LA", 
        "dummy:State:SD", 
        "dummy:State:KY", 
        "dummy:State:NH", 
        "dummy:State:HI", 
        "dummy:State:AK", 
        "dummy:State:DC", 
        "dummy:State:AR", 
        "dummy:State:PA", 
        "dummy:State:GA", 
        "dummy:State:RI", 
        "dummy:State:TN", 
        "dummy:State:IA", 
        "dummy:State:CA", 
        "dummy:State:N/A", 
        "dummy:State:__Others__", 
        "dummy:cluster_labels:cluster_1", 
        "dummy:cluster_labels:cluster_3", 
        "dummy:cluster_labels:cluster_5", 
        "dummy:cluster_labels:cluster_2", 
        "dummy:cluster_labels:cluster_4", 
        "dummy:cluster_labels:cluster_0", 
        "dummy:cluster_labels:cluster_6", 
        "dummy:cluster_labels:N/A", 
        "dummy:cluster_labels:__Others__"
    ], 
    "globalMetrics": {
        "predictionAvg": [
            0.13513513513513514
        ], 
        "predictionStd": [
            0.3421248020931473
        ], 
        "targetStd": [
            0.33724923323262207
        ], 
        "targetAvg": [
            0.13063063063063063
        ], 
        "testWeight": 666
    }
}